tenure_months,monthly_charges,total_charges,monthly_gb_download,gender,senior_citizen,partner,dependents,phone_service,internet_service,contract,payment_method,online_security,churn
9.0,,2547.27,40.78,Male,0,Yes,No,No,None,Two year,Bank transfer,Yes,No
-25.0,132.39,1696.31,199.4,Female,0,Yes,Yes,Yes,None,Two year,Bank transfer,No internet service,Yes
18.0,84.99,3527.07,-212.2,Female,1,No,Yes,Yes,Fiber optic,One year,Bank transfer,Yes,No
,-32.3,1385.74,-1760.48,Female,0,Yes,Yes,Yes,Fiber optic,Month-to-month,Mailed check,No,No
24.0,33.58,2027.73,-988.26,Female,0,No,Yes,Yes,DSL,Month-to-month,Mailed check,Yes,No
-20.0,16.9,39.92,-756.95,Female,0,Yes,No,Yes,None,Month-to-month,Mailed check,No,No
63.0,107.77,4881.48,1457.87,Female,0,No,No,Yes,DSL,Month-to-month,Credit card,Yes,Yes
22.0,75.28,588.67,1055.2,Male,0,No,No,Yes,Fiber optic,Two year,Mailed check,No,Yes
40.0,86.74,2357.58,-42.9,Male,0,Yes,Yes,Yes,Fiber optic,One year,Electronic check,No,Yes
2.0,,4532.93,445.35,Male,0,No,Yes,Yes,Fiber optic,Month-to-month,Credit card,Yes,Yes
-27.0,115.98,3925.86,-1664.52,Male,0,No,No,No,DSL,Month-to-month,Credit card,Yes,No
8.0,117.55,-2224.24,2150.76,Female,0,Yes,No,Yes,DSL,Month-to-month,Electronic check,No internet service,Yes
37.0,52.3,108.27,997.39,Male,0,Yes,No,Yes,Fiber optic,Month-to-month,Electronic check,No internet service,Yes
-31.0,56.24,-2331.56,429.72,Male,0,Yes,Yes,Yes,None,Month-to-month,,No internet service,No
3.0,158.79,3159.36,45.49,Female,0,No,Yes,Yes,None,Month-to-month,Credit card,Yes,Yes
27.0,50.83,1099.53,159.72,Female,0,No,No,Yes,None,Month-to-month,Mailed check,Yes,No
19.0,-6.22,2147.59,-1883.58,Female,0,No,No,Yes,Fiber optic,Month-to-month,Mailed check,Yes,No
,222.57,364.86,1317.72,Male,1,No,Yes,Yes,DSL,One year,Bank transfer,No internet service,Yes
17.0,43.28,1472.5,-795.78,Female,0,Yes,No,Yes,Fiber optic,Month-to-month,Bank transfer,Yes,No
,159.15,4799.21,1383.35,Female,0,No,Yes,Yes,None,Month-to-month,Credit card,No,Yes
11.0,56.09,481.44,380.34,Female,0,No,Yes,Yes,Fiber optic,Month-to-month,Mailed check,,No
4.0,205.37,1080.53,880.88,Male,0,No,Yes,Yes,DSL,Month-to-month,Bank transfer,Yes,Yes
48.0,16.75,2424.65,-370.73,Male,0,Yes,Yes,Yes,None,One year,Electronic check,No,Yes
0.0,-38.99,903.55,-776.09,Male,0,No,Yes,Yes,None,Month-to-month,Mailed check,No,No
21.0,79.61,128.65,592.2,Male,0,No,Yes,Yes,DSL,Month-to-month,Mailed check,Yes,No
-62.0,192.86,893.65,1226.3,Male,1,No,Yes,Yes,DSL,One year,,No internet service,Yes
41.0,14.14,2905.19,-661.36,Male,0,Yes,Yes,Yes,Fiber optic,One year,Electronic check,No internet service,Yes
24.0,123.47,2831.72,-444.92,Female,1,Yes,No,Yes,DSL,One year,Bank transfer,Yes,No
6.0,151.15,-754.78,-238.54,Female,0,Yes,No,Yes,DSL,Month-to-month,Electronic check,No,No
-28.0,30.51,4075.84,322.29,Female,0,Yes,Yes,Yes,None,One year,Credit card,No internet service,Yes
,84.43,1419.96,-133.61,Male,0,Yes,Yes,Yes,Fiber optic,Month-to-month,Mailed check,No,Yes
35.0,50.19,3162.38,-359.89,Female,0,Yes,Yes,Yes,Fiber optic,One year,Mailed check,No,Yes
-17.0,110.0,908.03,1396.77,Male,0,Yes,Yes,Yes,Fiber optic,Month-to-month,Bank transfer,No internet service,Yes
17.0,76.36,-498.12,969.28,Male,0,Yes,No,Yes,Fiber optic,Month-to-month,Electronic check,No internet service,Yes
-1.0,37.64,4261.92,176.64,Female,0,Yes,Yes,Yes,Fiber optic,Month-to-month,Credit card,No internet service,Yes
14.0,43.19,2365.01,-2104.86,Female,0,Yes,No,Yes,DSL,Two year,Electronic check,No,No
34.0,110.36,716.88,347.15,Male,0,No,No,Yes,None,One year,Electronic check,No internet service,Yes
42.0,66.94,2634.97,-544.14,Female,1,No,Yes,Yes,DSL,One year,Electronic check,No internet service,Yes
-7.0,39.11,4274.4,-1433.64,Female,0,Yes,Yes,Yes,DSL,One year,Credit card,,No
11.0,71.27,-179.53,591.31,Male,0,No,Yes,Yes,Fiber optic,Month-to-month,Electronic check,No internet service,No
-2.0,49.12,-1340.15,377.8,Male,0,Yes,Yes,Yes,None,Month-to-month,Electronic check,No internet service,No
-11.0,-94.59,398.12,406.45,Female,0,No,No,Yes,DSL,Month-to-month,Bank transfer,Yes,No
13.0,80.43,2897.56,536.21,Male,1,No,No,Yes,None,Month-to-month,Bank transfer,No,Yes
38.0,96.99,-530.63,734.19,Female,0,Yes,No,No,Fiber optic,Month-to-month,Electronic check,No internet service,Yes
-15.0,173.87,-522.03,1229.19,Male,0,Yes,No,Yes,DSL,One year,Mailed check,No internet service,Yes
8.0,116.65,977.59,1129.42,Male,0,Yes,Yes,Yes,Fiber optic,Month-to-month,Bank transfer,No,Yes
30.0,99.22,3218.82,7.14,Male,0,No,Yes,Yes,None,Two year,Bank transfer,,No
-21.0,68.61,-1229.8,668.76,Male,0,Yes,Yes,Yes,None,Month-to-month,Mailed check,No,No
12.0,120.73,4784.33,439.9,Male,0,Yes,No,Yes,None,One year,Credit card,No,No
-69.0,245.92,4026.95,1921.85,Male,0,Yes,No,Yes,Fiber optic,Two year,Credit card,No,Yes
23.0,113.33,3429.44,-129.68,Male,0,Yes,Yes,Yes,Fiber optic,One year,Bank transfer,Yes,No
33.0,74.23,2267.19,415.15,Male,0,No,No,Yes,DSL,Month-to-month,Credit card,Yes,No
5.0,-11.54,439.04,1142.53,Female,0,Yes,No,Yes,Fiber optic,One year,Bank transfer,No,No
23.0,175.37,2689.86,757.75,Female,0,No,No,Yes,Fiber optic,Month-to-month,Credit card,Yes,Yes
-17.0,281.55,3211.17,2131.21,Female,0,Yes,No,Yes,DSL,Month-to-month,Credit card,Yes,Yes
38.0,103.67,3959.38,709.74,Male,1,No,No,Yes,Fiber optic,One year,Bank transfer,Yes,No
2.0,,2942.03,-513.48,Male,0,No,No,Yes,None,One year,Credit card,Yes,No
3.0,199.85,2207.39,499.12,Female,0,Yes,Yes,No,None,Month-to-month,Credit card,No,Yes
9.0,184.49,2754.54,838.8,Female,1,No,Yes,No,Fiber optic,Month-to-month,Credit card,Yes,Yes
29.0,134.79,-1484.99,1719.06,Female,0,Yes,No,Yes,DSL,Month-to-month,Electronic check,No internet service,Yes
-26.0,,223.74,1294.96,Female,0,Yes,Yes,Yes,None,Two year,Bank transfer,No,Yes
-30.0,191.95,646.09,943.37,Male,0,Yes,No,Yes,Fiber optic,Two year,Bank transfer,No internet service,Yes
0.0,,328.65,1010.17,Male,1,Yes,No,Yes,Fiber optic,One year,Mailed check,No internet service,Yes
20.0,170.65,2430.72,355.05,Male,0,No,No,Yes,DSL,Month-to-month,Credit card,Yes,Yes
1.0,42.84,4802.06,485.84,Female,0,Yes,No,Yes,DSL,One year,Credit card,No,No
42.0,,1098.96,625.9,Male,0,Yes,No,Yes,None,Month-to-month,Electronic check,No internet service,Yes
34.0,7.88,1560.51,1164.4,Male,1,No,Yes,Yes,DSL,One year,Mailed check,No,Yes
-4.0,,4560.1,414.15,Male,0,Yes,Yes,Yes,None,Month-to-month,Credit card,No,Yes
31.0,91.41,-625.57,1808.96,Male,0,No,No,Yes,None,Month-to-month,Electronic check,No internet service,Yes
6.0,79.66,4171.53,-539.93,Female,0,Yes,No,Yes,Fiber optic,One year,Credit card,Yes,No
14.0,-8.48,4364.62,-160.09,Male,1,No,Yes,Yes,DSL,One year,Credit card,Yes,No
22.0,122.91,4232.95,-621.06,Female,1,No,Yes,Yes,DSL,Two year,Bank transfer,No,No
-12.0,,1144.5,-1418.53,Female,0,Yes,Yes,Yes,DSL,One year,Mailed check,No,No
6.0,157.85,-1436.77,-67.38,Male,0,No,Yes,Yes,DSL,Month-to-month,Electronic check,No internet service,No
-26.0,143.02,-1496.21,-672.57,Female,0,Yes,Yes,Yes,None,Month-to-month,Electronic check,No internet service,No
27.0,48.9,2125.63,484.36,Male,0,Yes,Yes,Yes,Fiber optic,Two year,Mailed check,No internet service,Yes
39.0,229.11,2677.89,-24.54,Female,0,Yes,Yes,Yes,None,Month-to-month,Bank transfer,Yes,Yes
25.0,,1386.44,-1245.92,Male,0,No,No,Yes,DSL,Month-to-month,Electronic check,No,No
32.0,151.94,2008.05,-394.0,Female,0,No,Yes,Yes,DSL,Two year,Electronic check,No,No
,154.16,1972.85,-218.72,Male,0,No,Yes,Yes,Fiber optic,Month-to-month,Bank transfer,No,No
19.0,163.97,1789.21,-953.75,Female,1,No,Yes,Yes,Fiber optic,Two year,Mailed check,Yes,No
22.0,,1580.89,-1468.17,Male,0,Yes,Yes,Yes,Fiber optic,Two year,Electronic check,No,No
8.0,139.18,2845.13,-11.29,Male,1,Yes,Yes,Yes,Fiber optic,One year,Mailed check,No internet service,Yes
35.0,108.01,43.8,780.17,Male,0,No,Yes,Yes,None,Month-to-month,Mailed check,Yes,Yes
-14.0,195.47,2121.84,105.29,Female,0,No,Yes,No,None,Two year,Credit card,No,Yes
10.0,102.53,219.89,769.2,Female,0,No,No,Yes,None,One year,Electronic check,No internet service,Yes
12.0,25.07,4979.01,1212.34,Male,0,Yes,Yes,Yes,DSL,One year,Credit card,No,No
,134.89,2711.76,-1.97,Female,0,Yes,Yes,Yes,Fiber optic,One year,Bank transfer,,No
25.0,140.02,4382.08,676.09,Female,1,Yes,Yes,Yes,None,Month-to-month,Credit card,Yes,Yes
64.0,39.69,4379.09,-1444.21,Male,0,Yes,Yes,Yes,DSL,Month-to-month,Mailed check,Yes,No
-44.0,115.13,-1324.99,-501.69,Male,1,No,No,Yes,None,Month-to-month,Mailed check,No internet service,No
29.0,189.99,4707.27,937.76,Female,0,Yes,Yes,Yes,Fiber optic,Month-to-month,Credit card,Yes,Yes
29.0,69.54,2385.4,-509.71,Male,0,Yes,Yes,Yes,None,Month-to-month,Mailed check,No,Yes
11.0,173.56,1775.19,1058.54,Female,0,No,No,Yes,DSL,Month-to-month,Bank transfer,No,Yes
-42.0,190.26,2451.73,1097.0,Female,1,No,No,Yes,None,One year,Credit card,No internet service,Yes
-19.0,154.04,521.23,476.54,Male,0,No,Yes,Yes,Fiber optic,One year,Bank transfer,No,Yes
-17.0,70.21,-1138.06,-508.67,Male,1,Yes,Yes,Yes,None,Month-to-month,Electronic check,No,No
-2.0,78.88,3765.63,205.24,Female,0,No,Yes,Yes,None,One year,Credit card,Yes,No
15.0,75.48,1015.04,519.71,Male,0,No,No,Yes,None,Month-to-month,Mailed check,,Yes
13.0,101.26,4633.49,456.26,Male,0,Yes,No,Yes,Fiber optic,One year,Credit card,Yes,No
-1.0,-26.52,753.0,-1022.09,Male,1,Yes,Yes,Yes,Fiber optic,Month-to-month,Electronic check,No internet service,No
-16.0,219.47,-723.83,1256.24,Male,0,Yes,No,Yes,DSL,Month-to-month,Mailed check,No internet service,Yes
-6.0,210.64,2467.33,-258.75,Male,0,No,Yes,Yes,Fiber optic,One year,Credit card,Yes,No
-14.0,154.08,-2846.12,2414.2,Male,0,No,No,Yes,Fiber optic,Month-to-month,Electronic check,No internet service,Yes
-15.0,54.11,-155.94,-422.03,Male,1,No,Yes,Yes,None,Month-to-month,Mailed check,No,No
5.0,17.5,478.93,-153.78,Male,0,No,No,Yes,None,Month-to-month,,No,Yes
-9.0,124.36,1259.03,1226.43,Male,0,No,Yes,No,None,One year,Credit card,Yes,Yes
34.0,70.9,1832.76,-667.3,Male,1,No,Yes,Yes,DSL,Month-to-month,Electronic check,No,No
-3.0,,2013.18,-827.62,Female,0,No,Yes,No,Fiber optic,Month-to-month,Mailed check,No internet service,No
49.0,117.87,3140.7,583.48,Male,0,No,Yes,No,Fiber optic,Two year,Mailed check,No internet service,No
38.0,194.94,560.58,-346.84,Male,1,Yes,No,Yes,None,Two year,Electronic check,,No
-6.0,163.27,518.33,1102.39,Female,1,Yes,Yes,Yes,Fiber optic,Two year,Bank transfer,No,Yes
26.0,93.97,2246.27,-438.06,Female,0,Yes,Yes,Yes,DSL,Month-to-month,,No internet service,Yes
-37.0,273.07,-619.19,1090.54,Male,0,No,Yes,Yes,Fiber optic,One year,Mailed check,No internet service,Yes
30.0,114.34,2589.03,-378.02,Female,1,Yes,No,No,Fiber optic,Two year,Mailed check,No,No
8.0,-34.37,706.29,756.38,Male,0,No,Yes,No,Fiber optic,One year,Mailed check,No internet service,No
-44.0,3.61,717.59,839.11,Female,0,Yes,Yes,Yes,DSL,One year,Mailed check,No internet service,Yes
-31.0,197.02,1867.34,-1041.28,Female,0,No,No,Yes,Fiber optic,One year,Bank transfer,No,No
0.0,,471.5,1473.94,Female,0,Yes,No,Yes,DSL,Two year,Bank transfer,No,Yes
23.0,56.48,3309.7,-328.15,Female,0,No,No,Yes,Fiber optic,Month-to-month,Bank transfer,No,Yes
,42.97,-411.31,1309.2,Male,0,No,Yes,Yes,DSL,Month-to-month,Electronic check,No internet service,Yes
20.0,49.34,1923.73,-1040.32,Female,0,No,No,Yes,Fiber optic,Two year,Electronic check,No,No
15.0,21.17,817.29,-193.76,Female,1,No,Yes,Yes,DSL,Month-to-month,Mailed check,Yes,No
4.0,68.6,3612.81,68.45,Male,0,No,Yes,Yes,DSL,Two year,Credit card,Yes,No
-14.0,105.67,6050.95,821.29,Male,1,Yes,No,Yes,None,Month-to-month,Credit card,No internet service,Yes
13.0,,758.94,639.73,Male,0,Yes,No,Yes,DSL,One year,Electronic check,No internet service,Yes
20.0,55.3,343.38,685.6,Male,0,Yes,Yes,No,Fiber optic,Month-to-month,,No internet service,No
-20.0,195.53,2215.19,-2.78,Female,0,Yes,Yes,Yes,Fiber optic,Month-to-month,Credit card,Yes,No
35.0,97.69,3216.58,-72.18,Male,0,Yes,No,Yes,DSL,Two year,,Yes,No
24.0,227.82,463.82,-602.95,Female,0,Yes,No,Yes,Fiber optic,Two year,Electronic check,No,No
-1.0,160.17,-768.46,1790.05,Male,0,Yes,Yes,Yes,Fiber optic,One year,,No internet service,Yes
16.0,122.44,2562.95,251.61,Male,1,Yes,No,Yes,None,Month-to-month,Bank transfer,No,Yes
20.0,-18.65,1376.57,373.55,Male,0,Yes,Yes,No,Fiber optic,One year,Mailed check,No,No
6.0,90.41,666.84,1043.74,Male,0,Yes,Yes,Yes,Fiber optic,Two year,Electronic check,No internet service,Yes
5.0,159.84,3060.33,-1694.67,Female,0,Yes,Yes,Yes,None,One year,Mailed check,No,No
32.0,61.05,1600.45,91.5,Female,0,No,Yes,Yes,DSL,One year,Electronic check,No,Yes
40.0,74.77,4989.31,1462.0,Female,1,No,Yes,Yes,DSL,Month-to-month,,Yes,Yes
23.0,86.81,320.23,673.79,Female,0,Yes,No,Yes,DSL,Month-to-month,Electronic check,No,No
11.0,76.87,820.02,-1183.83,Male,0,No,No,No,None,Month-to-month,Electronic check,No internet service,No
2.0,204.69,794.4,-1573.83,Female,0,No,Yes,No,None,One year,Electronic check,Yes,No
5.0,171.74,2159.43,959.91,Male,0,No,Yes,Yes,Fiber optic,Month-to-month,Credit card,Yes,Yes
-7.0,167.91,-488.78,757.66,Female,0,Yes,Yes,Yes,DSL,One year,Electronic check,No internet service,Yes
13.0,-23.09,2272.82,-105.57,Male,1,No,Yes,Yes,None,One year,Bank transfer,Yes,No
8.0,10.64,3483.5,989.0,Female,0,Yes,Yes,Yes,Fiber optic,One year,Credit card,No,Yes
57.0,140.82,1676.19,1114.08,Female,0,Yes,No,Yes,None,Month-to-month,Bank transfer,Yes,Yes
15.0,69.87,-31.95,-13.24,Female,0,No,Yes,Yes,DSL,Month-to-month,Electronic check,No internet service,No
18.0,-5.49,3531.19,339.67,Female,0,Yes,No,Yes,None,Month-to-month,,No internet service,Yes
13.0,-29.23,1029.03,237.8,Female,0,No,No,Yes,Fiber optic,One year,Mailed check,No,No
-1.0,200.72,7150.91,463.35,Male,1,Yes,Yes,Yes,Fiber optic,Month-to-month,Credit card,Yes,Yes
29.0,89.13,3840.94,718.45,Male,1,No,No,No,Fiber optic,Month-to-month,Credit card,Yes,Yes
0.0,54.05,132.73,249.54,Female,0,No,No,Yes,Fiber optic,Month-to-month,Mailed check,No,No
40.0,24.33,866.48,1215.47,Female,0,No,Yes,Yes,DSL,Two year,Electronic check,No,Yes
4.0,22.93,5509.53,233.84,Male,0,No,Yes,No,None,Month-to-month,Credit card,Yes,No
-6.0,60.07,-1502.45,616.0,Female,0,Yes,Yes,Yes,Fiber optic,Month-to-month,Electronic check,No internet service,No
4.0,54.16,3299.16,-2.89,Male,0,No,No,Yes,None,One year,Bank transfer,No internet service,No
-20.0,,5842.97,336.24,Male,0,Yes,Yes,Yes,DSL,Month-to-month,Credit card,No,Yes
28.0,121.32,2328.44,208.17,Female,0,Yes,Yes,Yes,None,Two year,Mailed check,No,No
6.0,81.15,842.98,-1651.19,Male,0,Yes,No,Yes,None,Month-to-month,Electronic check,No,No
58.0,32.95,1768.19,1207.56,Male,0,Yes,No,No,DSL,Month-to-month,Mailed check,,Yes
34.0,-20.17,2869.6,292.24,Male,0,Yes,No,Yes,None,Two year,Bank transfer,Yes,No
,263.4,3312.46,443.41,Female,0,Yes,Yes,Yes,Fiber optic,Month-to-month,Credit card,Yes,Yes
-30.0,209.08,3480.35,1146.19,Male,0,No,No,Yes,None,One year,Credit card,No,Yes
22.0,109.8,1324.33,-988.07,Female,0,Yes,No,Yes,DSL,Two year,Electronic check,No,No
4.0,263.74,2953.33,1449.87,Female,0,Yes,No,Yes,DSL,Month-to-month,Credit card,No,Yes
-8.0,54.14,3073.94,1186.98,Male,0,Yes,Yes,Yes,DSL,Month-to-month,,No internet service,Yes
-5.0,20.21,745.12,-726.77,Male,0,No,Yes,Yes,Fiber optic,Month-to-month,Bank transfer,Yes,No
25.0,145.59,-70.56,614.9,Female,0,Yes,No,Yes,Fiber optic,Month-to-month,Electronic check,No internet service,Yes
37.0,97.7,6762.64,739.74,Male,1,No,No,Yes,Fiber optic,One year,Credit card,Yes,Yes
44.0,-31.87,2658.53,848.12,Female,0,Yes,Yes,Yes,None,Month-to-month,Mailed check,No,Yes
53.0,,3519.63,-429.06,Female,1,No,Yes,Yes,Fiber optic,One year,Electronic check,No internet service,Yes
-16.0,-12.8,-524.2,-171.31,Male,0,Yes,No,Yes,None,Month-to-month,Mailed check,No,No
23.0,117.33,846.75,376.86,Female,0,No,Yes,Yes,DSL,One year,Electronic check,No internet service,Yes
-6.0,169.26,1659.07,631.43,Male,0,No,No,Yes,None,Two year,Bank transfer,,Yes
8.0,-10.61,1234.8,95.15,Male,0,No,No,Yes,DSL,One year,Bank transfer,Yes,No
27.0,145.96,1841.65,-597.26,Male,0,No,No,Yes,Fiber optic,Two year,Electronic check,No internet service,No
0.0,152.8,2470.44,-886.24,Female,0,No,No,Yes,None,One year,Bank transfer,No,No
15.0,74.57,3335.03,-852.72,Female,0,No,Yes,Yes,DSL,Two year,Bank transfer,Yes,No
-8.0,73.81,3871.91,-15.01,Female,0,No,Yes,No,DSL,Month-to-month,Credit card,No,Yes
16.0,95.9,3351.67,114.0,Male,0,Yes,Yes,Yes,None,One year,Credit card,Yes,No
34.0,73.29,-1557.93,1919.62,Male,0,No,Yes,Yes,Fiber optic,Month-to-month,Electronic check,No internet service,Yes
-1.0,247.4,1261.11,128.97,Male,0,No,No,Yes,DSL,Month-to-month,Bank transfer,Yes,No
-11.0,117.46,5861.47,-70.26,Male,1,No,No,Yes,None,Month-to-month,Credit card,No internet service,Yes
-11.0,,589.95,1187.22,Female,0,No,Yes,Yes,Fiber optic,One year,Bank transfer,No,Yes
-14.0,-20.67,1224.2,-585.9,Male,0,No,Yes,Yes,DSL,Month-to-month,Bank transfer,Yes,No
24.0,263.99,872.88,-108.56,Male,0,Yes,Yes,Yes,None,Two year,Mailed check,No,No
14.0,137.53,598.08,1486.65,Male,0,No,Yes,Yes,Fiber optic,One year,Mailed check,No,Yes
-13.0,131.54,4155.88,-688.27,Female,0,No,Yes,Yes,None,Month-to-month,Credit card,Yes,No
5.0,91.53,3468.86,-234.49,Female,1,Yes,Yes,Yes,Fiber optic,One year,Bank transfer,No internet service,No
-1.0,77.2,1.83,-883.08,Male,0,Yes,No,Yes,Fiber optic,Month-to-month,Electronic check,No,No
39.0,89.68,4451.43,971.73,Male,0,No,No,Yes,Fiber optic,Two year,Bank transfer,No,No
25.0,137.5,2304.85,-517.45,Female,0,Yes,No,Yes,Fiber optic,Two year,Mailed check,No,No
23.0,-31.67,2374.34,-554.52,Female,1,Yes,Yes,Yes,None,One year,,Yes,No
,82.29,3355.6,334.77,Male,0,No,Yes,Yes,None,Month-to-month,Bank transfer,No,Yes
44.0,100.72,3200.73,-27.02,Female,0,Yes,Yes,Yes,DSL,One year,Mailed check,No,Yes
12.0,59.09,565.31,-358.13,Female,1,No,No,No,Fiber optic,Month-to-month,Mailed check,No,No
-33.0,248.94,1592.98,890.27,Female,0,Yes,Yes,Yes,None,Two year,Credit card,No,Yes
18.0,194.33,1241.31,-1868.41,Male,0,Yes,Yes,Yes,Fiber optic,Two year,Electronic check,No internet service,No
49.0,95.31,1796.98,902.01,Male,0,Yes,No,Yes,None,Month-to-month,Bank transfer,Yes,Yes
-14.0,120.35,2046.61,411.59,Female,1,Yes,Yes,Yes,None,Month-to-month,Bank transfer,No,Yes
33.0,-4.72,3950.94,154.99,Male,0,Yes,No,Yes,Fiber optic,Month-to-month,Bank transfer,,Yes
31.0,14.93,1942.89,-2040.73,Male,0,No,Yes,Yes,DSL,Two year,Electronic check,No internet service,No
-9.0,27.89,-1707.69,1480.77,Female,0,No,No,Yes,Fiber optic,Month-to-month,Electronic check,No internet service,No
64.0,148.07,3186.4,1012.68,Male,0,Yes,Yes,Yes,Fiber optic,Month-to-month,Credit card,Yes,Yes
-10.0,-22.45,-43.61,869.46,Female,0,No,No,Yes,None,Month-to-month,Bank transfer,Yes,No
-23.0,72.02,5697.23,490.46,Male,0,No,Yes,Yes,Fiber optic,Month-to-month,Credit card,No internet service,Yes
-22.0,146.22,-519.12,1123.69,Female,0,No,No,Yes,DSL,One year,Bank transfer,No,Yes
94.0,178.3,5036.06,1133.27,Female,0,Yes,No,Yes,DSL,Month-to-month,Credit card,Yes,Yes
4.0,138.88,3062.53,519.92,Female,0,No,Yes,Yes,Fiber optic,One year,Credit card,Yes,No
19.0,202.4,787.33,-1337.51,Female,0,Yes,No,No,Fiber optic,Two year,Electronic check,No internet service,No
75.0,-110.43,5694.29,25.86,Female,0,Yes,Yes,Yes,Fiber optic,Two year,Credit card,Yes,No
45.0,82.4,2013.74,-310.15,Female,0,No,Yes,Yes,DSL,One year,Electronic check,No internet service,Yes
7.0,124.41,-1546.91,1893.23,Male,1,No,Yes,Yes,Fiber optic,Month-to-month,Electronic check,No internet service,Yes
,,3546.63,-1706.0,Female,0,Yes,No,Yes,None,One year,Bank transfer,No internet service,No
6.0,179.43,-384.69,1733.43,Male,0,No,Yes,Yes,DSL,One year,Mailed check,No internet service,Yes
30.0,36.53,343.45,733.33,Female,0,Yes,Yes,Yes,None,One year,Electronic check,No internet service,Yes
-4.0,143.74,2320.12,-528.29,Female,0,Yes,Yes,Yes,None,Month-to-month,Bank transfer,,No
32.0,83.18,1054.61,86.99,Female,1,No,Yes,Yes,None,Month-to-month,Mailed check,,No
14.0,96.3,783.84,679.38,Male,1,Yes,No,Yes,Fiber optic,One year,Electronic check,No internet service,Yes
4.0,-4.69,629.61,284.97,Male,0,No,No,Yes,Fiber optic,Month-to-month,Mailed check,No,No
61.0,23.6,1623.52,305.07,Male,0,Yes,Yes,Yes,DSL,One year,Electronic check,No internet service,Yes
-12.0,100.31,2916.53,-1005.29,Female,1,Yes,Yes,Yes,Fiber optic,One year,Bank transfer,No,No
-6.0,121.33,-458.56,1394.79,Female,0,No,No,Yes,Fiber optic,One year,Mailed check,No internet service,Yes
43.0,-33.12,-870.13,1324.7,Male,1,No,Yes,Yes,None,Month-to-month,Electronic check,No,Yes
-67.0,238.45,3762.76,687.53,Female,1,No,Yes,No,Fiber optic,One year,Credit card,No internet service,Yes
33.0,101.97,3040.65,-669.09,Male,0,No,Yes,Yes,DSL,Two year,Electronic check,No,No
,74.55,2968.46,268.07,Male,0,Yes,Yes,Yes,Fiber optic,Month-to-month,Bank transfer,No,Yes
14.0,21.9,2238.66,-966.22,Male,0,Yes,Yes,Yes,None,One year,Bank transfer,Yes,No
51.0,88.02,2653.12,-1409.89,Male,0,Yes,No,Yes,Fiber optic,Month-to-month,Mailed check,Yes,No
0.0,,4425.65,655.42,Female,0,Yes,Yes,Yes,Fiber optic,Month-to-month,Credit card,Yes,Yes
31.0,126.45,809.41,1015.93,Female,0,Yes,Yes,Yes,Fiber optic,Month-to-month,Mailed check,No,Yes
30.0,121.11,2355.97,-658.51,Female,0,Yes,Yes,Yes,None,Two year,Electronic check,No,No
28.0,127.49,1457.62,-1545.08,Female,1,No,No,Yes,Fiber optic,Month-to-month,Electronic check,No,No
,140.2,530.6,990.35,Male,1,No,No,Yes,Fiber optic,One year,Mailed check,No internet service,Yes
-46.0,284.41,-204.56,1745.04,Male,1,No,Yes,Yes,Fiber optic,Two year,Credit card,No,Yes
-11.0,-36.73,1675.33,948.81,Male,0,Yes,No,Yes,None,Month-to-month,,No internet service,Yes
-1.0,29.13,1018.0,1506.51,Male,0,No,No,Yes,DSL,Month-to-month,Mailed check,No internet service,Yes
29.0,0.58,-582.92,1447.1,Male,1,No,Yes,Yes,None,One year,Electronic check,No internet service,Yes
20.0,,4138.21,740.81,Male,0,No,Yes,Yes,DSL,Month-to-month,Credit card,No internet service,Yes
-21.0,258.18,-8.81,965.12,Male,1,Yes,Yes,No,None,One year,Mailed check,No internet service,Yes
34.0,116.12,3989.44,1488.8,Female,0,No,Yes,Yes,Fiber optic,Month-to-month,Credit card,Yes,Yes
-40.0,107.75,3569.79,793.6,Female,0,No,Yes,Yes,Fiber optic,One year,Credit card,No internet service,Yes
58.0,149.45,3568.45,203.78,Female,0,No,No,Yes,Fiber optic,Month-to-month,Credit card,Yes,Yes
7.0,119.12,3288.93,-846.22,Male,0,No,Yes,Yes,Fiber optic,Month-to-month,Bank transfer,Yes,No
12.0,136.82,3277.63,-310.06,Male,0,Yes,No,Yes,Fiber optic,One year,Bank transfer,No,No
13.0,238.07,1978.24,169.15,Male,0,Yes,No,Yes,None,One year,,No,No
-1.0,58.38,4233.83,-869.26,Male,1,No,Yes,Yes,Fiber optic,One year,Bank transfer,No,No
22.0,-11.59,2081.55,-896.65,Male,0,No,No,Yes,None,Month-to-month,Bank transfer,Yes,No
37.0,29.48,68.63,580.08,Male,0,Yes,Yes,Yes,None,One year,Electronic check,No internet service,Yes
47.0,54.48,4096.31,559.21,Female,0,No,Yes,No,Fiber optic,Month-to-month,Bank transfer,Yes,Yes
37.0,-13.54,2319.49,-223.25,Male,0,Yes,No,Yes,Fiber optic,Month-to-month,Mailed check,No,No
41.0,27.75,2219.82,899.27,Male,1,No,Yes,Yes,None,Month-to-month,Bank transfer,No,Yes
19.0,,3973.0,1019.16,Male,0,No,Yes,Yes,None,Month-to-month,Credit card,Yes,Yes
7.0,-12.32,1109.37,-113.96,Male,0,Yes,Yes,Yes,Fiber optic,Month-to-month,Bank transfer,Yes,No
37.0,112.64,2163.8,-939.33,Male,0,Yes,No,Yes,DSL,Month-to-month,Mailed check,Yes,No
14.0,46.92,4024.65,-555.87,Female,0,No,No,No,None,One year,Bank transfer,No internet service,No
-19.0,9.65,4873.02,463.25,Male,0,Yes,Yes,Yes,DSL,Month-to-month,Credit card,No internet service,Yes
11.0,129.16,-738.6,1209.47,Male,0,No,Yes,Yes,None,One year,Electronic check,No internet service,Yes
9.0,136.34,4852.18,964.63,Male,0,No,No,Yes,Fiber optic,Month-to-month,Credit card,No,Yes
37.0,38.53,5026.06,926.59,Female,0,No,No,Yes,Fiber optic,Month-to-month,Credit card,No,Yes
22.0,70.56,2801.33,-83.22,Female,0,Yes,No,Yes,Fiber optic,Two year,Mailed check,No internet service,No
16.0,-111.59,1382.25,946.19,Male,0,Yes,Yes,Yes,None,Two year,Mailed check,No,No
5.0,74.74,883.68,-335.16,Male,0,Yes,No,Yes,Fiber optic,Month-to-month,Bank transfer,Yes,No
-2.0,59.59,1094.78,-399.73,Male,0,Yes,Yes,Yes,None,Month-to-month,Bank transfer,Yes,No
22.0,157.29,941.63,-433.29,Female,0,No,Yes,Yes,DSL,Month-to-month,Electronic check,No,No
-19.0,93.52,2048.27,1254.27,Male,0,Yes,Yes,Yes,Fiber optic,Month-to-month,Bank transfer,No internet service,Yes
8.0,4.6,1137.05,-696.37,Male,1,No,No,No,Fiber optic,Month-to-month,Electronic check,No,No
47.0,-18.68,1600.4,292.51,Male,1,Yes,Yes,Yes,None,One year,Electronic check,,Yes
2.0,86.04,963.85,-412.16,Female,0,Yes,Yes,Yes,Fiber optic,Month-to-month,Bank transfer,Yes,No
-18.0,97.58,1691.77,1613.91,Male,0,No,No,Yes,Fiber optic,One year,Credit card,No,Yes
-30.0,180.15,-560.49,1202.5,Male,0,Yes,No,Yes,DSL,One year,Bank transfer,No,Yes
4.0,126.87,1909.81,615.68,Female,0,Yes,Yes,Yes,Fiber optic,Two year,Bank transfer,No,Yes
17.0,102.82,3869.44,449.6,Male,0,No,Yes,Yes,Fiber optic,One year,Credit card,No,No
33.0,49.31,1412.04,380.07,Male,0,No,Yes,Yes,Fiber optic,Two year,Electronic check,No,Yes
42.0,45.81,3863.42,-356.13,Female,0,Yes,No,Yes,None,One year,Mailed check,No internet service,Yes
5.0,90.61,2117.63,153.24,Male,0,No,No,Yes,None,Two year,Mailed check,No internet service,Yes
-7.0,128.33,1028.52,592.04,Male,0,No,No,Yes,DSL,Two year,Mailed check,,Yes
-4.0,161.92,115.32,563.25,Male,1,No,No,Yes,Fiber optic,Two year,Mailed check,No,Yes
19.0,86.42,928.53,1089.33,Male,0,Yes,Yes,Yes,Fiber optic,One year,Electronic check,No internet service,Yes
-37.0,131.65,5662.51,1437.56,Male,1,Yes,Yes,Yes,Fiber optic,Two year,Credit card,No,Yes
34.0,56.87,3371.14,109.26,Male,0,No,No,Yes,DSL,Two year,Bank transfer,Yes,No
21.0,119.91,3082.89,424.47,Female,0,Yes,Yes,Yes,None,One year,Bank transfer,No,Yes
42.0,186.03,5368.65,458.7,Male,1,No,No,Yes,Fiber optic,Month-to-month,Credit card,Yes,Yes
9.0,28.48,904.62,-459.15,Male,0,No,Yes,Yes,None,One year,Electronic check,No internet service,No
0.0,100.27,2707.79,1135.31,Male,1,Yes,No,Yes,DSL,Month-to-month,Credit card,No,Yes
28.0,172.9,1764.45,965.3,Female,1,Yes,Yes,Yes,DSL,Month-to-month,Bank transfer,Yes,Yes
39.0,29.28,1911.63,764.19,Female,0,No,Yes,Yes,Fiber optic,Month-to-month,Mailed check,Yes,Yes
-34.0,,3359.6,93.47,Male,0,No,No,Yes,DSL,One year,Credit card,No internet service,Yes
-1.0,-17.5,3560.41,-1090.44,Female,0,Yes,Yes,Yes,Fiber optic,One year,Mailed check,No internet service,No
33.0,6.95,3119.81,666.77,Male,0,No,No,Yes,Fiber optic,Month-to-month,Bank transfer,No,Yes
10.0,,-478.68,947.18,Male,0,No,No,Yes,None,Month-to-month,Mailed check,Yes,Yes
-63.0,314.48,1049.06,831.24,Female,1,Yes,Yes,Yes,None,Two year,Credit card,Yes,Yes
,9.69,2328.03,-1037.16,Female,1,Yes,Yes,Yes,None,Month-to-month,Mailed check,Yes,No
,-4.2,2080.65,-1292.65,Male,0,Yes,No,Yes,DSL,Month-to-month,Mailed check,No,No
-14.0,180.24,1513.5,1340.8,Female,0,No,Yes,Yes,None,Month-to-month,Credit card,No,Yes
-12.0,216.92,2353.38,1198.06,Male,0,Yes,No,Yes,DSL,Month-to-month,Credit card,Yes,Yes
,130.3,2869.71,-384.75,Male,0,Yes,No,Yes,Fiber optic,Two year,Electronic check,No internet service,No
22.0,6.73,4303.46,629.15,Female,1,Yes,Yes,Yes,Fiber optic,Month-to-month,Credit card,No,Yes
3.0,-111.09,2013.29,697.85,Female,1,No,No,Yes,None,Two year,Bank transfer,Yes,No
23.0,161.16,1147.18,-1381.3,Female,0,No,No,Yes,Fiber optic,Two year,Electronic check,No internet service,No
53.0,150.04,3754.29,828.68,Female,0,No,Yes,Yes,None,Month-to-month,Credit card,,Yes
-6.0,49.0,-963.2,1.12,Female,0,Yes,Yes,Yes,DSL,Month-to-month,Electronic check,No internet service,No
-9.0,183.83,-1906.65,2889.9,Female,0,No,Yes,Yes,DSL,Month-to-month,Bank transfer,No,Yes
5.0,100.61,467.87,1048.76,Female,1,Yes,Yes,Yes,Fiber optic,Two year,Mailed check,No,Yes
7.0,108.75,615.14,-633.18,Female,0,No,No,Yes,None,Month-to-month,Mailed check,Yes,No
-10.0,80.21,-769.21,-150.11,Female,1,Yes,No,Yes,DSL,Month-to-month,Electronic check,No internet service,No
-14.0,23.51,467.09,-401.68,Female,0,No,No,Yes,None,Month-to-month,Mailed check,No,No
,112.91,182.17,1226.29,Male,0,Yes,No,Yes,None,One year,Electronic check,No internet service,Yes
,40.58,4115.7,1087.41,Female,0,No,Yes,Yes,None,Month-to-month,Credit card,No,No
36.0,199.57,1650.76,-99.93,Male,0,Yes,No,Yes,Fiber optic,Two year,Electronic check,No,No
7.0,100.38,3639.85,1048.09,Female,0,Yes,No,Yes,None,Month-to-month,Credit card,No,Yes
7.0,235.27,1528.25,-110.62,Male,1,No,No,No,Fiber optic,Two year,Mailed check,No internet service,No
-4.0,141.48,3269.49,-109.23,Female,0,No,Yes,Yes,DSL,One year,Bank transfer,,Yes
15.0,-91.94,3039.33,-1810.93,Male,1,No,Yes,Yes,Fiber optic,Month-to-month,,Yes,No
-69.0,303.77,-57.59,1184.64,Male,0,Yes,Yes,Yes,Fiber optic,Two year,Credit card,No,Yes
-2.0,65.09,-798.89,570.21,Male,0,Yes,No,Yes,DSL,Month-to-month,Electronic check,No internet service,No
-19.0,0.84,-175.27,-417.41,Male,0,No,No,No,Fiber optic,Month-to-month,Mailed check,No,No
-12.0,102.55,-458.41,218.96,Male,1,Yes,Yes,Yes,DSL,Month-to-month,Bank transfer,Yes,No
-11.0,163.56,-1562.61,2062.81,Male,0,No,No,Yes,Fiber optic,Month-to-month,,No internet service,Yes
9.0,79.33,2740.67,304.12,Female,1,Yes,No,Yes,Fiber optic,Month-to-month,Bank transfer,No,Yes
-18.0,200.75,501.12,1223.97,Male,0,Yes,No,No,DSL,One year,Bank transfer,No internet service,Yes
1.0,136.96,2217.09,-901.63,Female,1,No,Yes,Yes,Fiber optic,One year,Mailed check,No,No
53.0,-48.69,3694.85,-1041.77,Female,0,No,Yes,Yes,Fiber optic,One year,Electronic check,No,No
-12.0,211.44,2702.66,410.77,Male,1,No,Yes,Yes,DSL,Month-to-month,Credit card,No,Yes
5.0,163.6,2916.18,-725.0,Male,0,Yes,Yes,Yes,None,Two year,Bank transfer,No,Yes
-11.0,111.22,-1327.07,195.17,Female,0,Yes,Yes,Yes,Fiber optic,Month-to-month,Electronic check,No internet service,No
8.0,-5.45,1524.78,-668.65,Male,1,No,No,Yes,Fiber optic,Month-to-month,Mailed check,No,No
-1.0,40.38,337.95,-28.48,Female,0,No,No,Yes,Fiber optic,Month-to-month,Electronic check,No,No
9.0,-47.55,1324.57,141.24,Female,1,No,No,Yes,DSL,One year,Mailed check,No,No
-16.0,2.28,-614.97,281.48,Male,1,No,Yes,Yes,Fiber optic,Month-to-month,Electronic check,No internet service,No
-13.0,169.66,484.84,1627.44,Female,0,Yes,Yes,Yes,None,Month-to-month,,No,Yes
14.0,241.45,5815.33,77.75,Male,0,Yes,Yes,Yes,DSL,Month-to-month,Credit card,Yes,Yes
-23.0,146.5,4736.81,321.8,Male,1,No,No,Yes,DSL,One year,,No,Yes
66.0,-22.51,2157.79,320.12,Male,0,No,No,Yes,None,One year,Electronic check,,Yes
21.0,68.9,2878.07,-387.17,Female,0,No,Yes,Yes,Fiber optic,One year,Mailed check,No internet service,Yes
24.0,76.58,2885.7,-434.85,Male,0,No,Yes,Yes,None,One year,,,Yes
-1.0,105.66,-1156.79,1496.77,Male,0,Yes,No,No,Fiber optic,One year,Electronic check,No internet service,Yes
9.0,176.04,2728.48,705.51,Male,1,No,No,Yes,Fiber optic,Month-to-month,Credit card,Yes,Yes
,65.96,-930.59,1105.41,Male,1,Yes,No,Yes,Fiber optic,Month-to-month,Electronic check,No internet service,Yes
15.0,123.26,3114.82,-204.03,Male,0,Yes,No,Yes,None,Month-to-month,Credit card,Yes,No
27.0,24.05,1923.32,-609.95,Male,0,No,Yes,Yes,None,One year,Electronic check,No,No
41.0,157.27,2364.58,594.89,Female,0,No,No,Yes,Fiber optic,Month-to-month,Bank transfer,Yes,Yes
11.0,42.06,1174.47,745.25,Male,1,Yes,Yes,Yes,Fiber optic,One year,Electronic check,No internet service,Yes
24.0,,2994.73,-397.43,Female,1,No,No,Yes,Fiber optic,One year,Mailed check,No,Yes
-38.0,98.91,4450.51,41.04,Female,0,Yes,No,Yes,Fiber optic,One year,Credit card,No,Yes
15.0,146.84,1947.53,542.97,Male,0,Yes,Yes,No,None,Two year,Bank transfer,No,Yes
28.0,100.53,1751.45,-488.92,Male,0,No,Yes,Yes,None,Month-to-month,Mailed check,,Yes
-12.0,103.75,620.48,1484.96,Male,0,Yes,Yes,Yes,Fiber optic,Two year,Bank transfer,No,Yes
6.0,115.68,1290.09,1409.8,Male,0,Yes,Yes,Yes,DSL,One year,,No internet service,Yes
34.0,-9.62,2531.08,-1020.83,Male,1,No,No,Yes,DSL,Month-to-month,,No,No
-7.0,172.76,6178.75,277.99,Female,0,No,No,Yes,Fiber optic,Month-to-month,Credit card,No,Yes
29.0,118.53,2251.65,360.06,Female,0,Yes,No,Yes,Fiber optic,Month-to-month,Bank transfer,Yes,Yes
30.0,14.65,5449.98,850.04,Female,0,Yes,Yes,Yes,Fiber optic,One year,Credit card,No internet service,No
-11.0,115.5,3669.49,-469.97,Male,0,No,No,Yes,Fiber optic,Month-to-month,Bank transfer,No internet service,No
17.0,81.52,996.67,861.36,Female,0,Yes,Yes,Yes,DSL,Two year,Mailed check,No,Yes
15.0,40.28,510.04,755.84,Male,0,Yes,Yes,Yes,None,Month-to-month,Mailed check,No,No
71.0,30.21,3444.0,149.47,Male,0,No,No,Yes,DSL,Month-to-month,Mailed check,,Yes
-9.0,178.03,1730.0,497.15,Female,0,Yes,No,No,None,Two year,Bank transfer,No,Yes
20.0,-29.39,3283.14,-133.16,Male,0,No,Yes,Yes,None,Month-to-month,Bank transfer,No,Yes
-1.0,80.55,3247.89,-879.73,Female,0,Yes,Yes,Yes,Fiber optic,One year,Credit card,Yes,No
4.0,84.55,3791.32,-717.32,Male,0,No,Yes,Yes,Fiber optic,One year,Bank transfer,No,No
8.0,22.93,4373.9,167.73,Female,0,Yes,Yes,Yes,DSL,One year,Credit card,Yes,No
12.0,127.48,471.83,833.8,Female,0,Yes,No,Yes,None,Month-to-month,Electronic check,No internet service,Yes
-25.0,37.53,-75.56,-635.58,Female,0,No,Yes,Yes,Fiber optic,Month-to-month,Bank transfer,Yes,No
9.0,203.83,2357.05,346.07,Female,0,Yes,Yes,Yes,Fiber optic,One year,Bank transfer,No,No
39.0,73.55,2173.53,171.02,Female,0,No,No,No,Fiber optic,Month-to-month,Mailed check,Yes,Yes
10.0,-19.26,675.89,1132.41,Female,0,No,No,Yes,Fiber optic,Two year,Mailed check,No,No
8.0,111.1,2809.01,797.49,Female,0,No,Yes,Yes,None,Month-to-month,Credit card,No,Yes
-4.0,15.01,-565.62,645.66,Male,0,No,No,Yes,Fiber optic,Month-to-month,Electronic check,No internet service,No
-4.0,30.3,764.89,176.57,Female,1,No,No,Yes,Fiber optic,Month-to-month,Bank transfer,No,No
69.0,-33.73,1282.95,331.26,Female,0,Yes,No,Yes,None,Month-to-month,Electronic check,No internet service,Yes
12.0,-67.09,1589.53,-450.15,Female,0,Yes,Yes,Yes,None,One year,Mailed check,No,No
-17.0,175.58,721.79,394.58,Male,1,No,No,Yes,Fiber optic,One year,Mailed check,No internet service,Yes
-1.0,104.28,3377.8,-623.8,Male,0,No,No,Yes,None,One year,Bank transfer,,No
3.0,116.98,-265.92,172.72,Male,0,Yes,No,Yes,Fiber optic,Month-to-month,,No,No
-2.0,175.85,1565.19,1425.8,Female,0,No,No,Yes,None,Month-to-month,Credit card,Yes,Yes
54.0,91.55,2393.23,653.09,Male,0,No,Yes,Yes,None,Month-to-month,Bank transfer,Yes,Yes
24.0,146.21,2124.26,-386.11,Male,0,No,No,Yes,Fiber optic,Two year,Electronic check,No,No
6.0,141.39,955.45,394.52,Male,0,No,No,Yes,None,One year,Electronic check,No internet service,Yes
23.0,92.82,-124.06,1030.62,Female,1,No,No,Yes,DSL,Month-to-month,Electronic check,No internet service,Yes
,131.26,3306.53,220.62,Female,0,No,Yes,Yes,DSL,Month-to-month,Credit card,Yes,No
7.0,136.63,3365.94,175.18,Male,0,Yes,Yes,Yes,Fiber optic,Month-to-month,Bank transfer,No,No
4.0,150.38,5065.85,502.46,Male,1,Yes,No,Yes,DSL,Month-to-month,Credit card,Yes,Yes
18.0,71.99,903.37,1616.56,Male,0,No,No,Yes,DSL,Month-to-month,,No,Yes
0.0,-11.74,-126.48,782.85,Female,0,No,Yes,Yes,Fiber optic,Month-to-month,Mailed check,Yes,No
31.0,76.32,1490.87,264.65,Male,0,Yes,Yes,Yes,None,One year,Mailed check,No,No
29.0,202.62,5371.39,18.18,Female,0,Yes,Yes,Yes,None,Month-to-month,Credit card,Yes,Yes
,39.68,5471.68,1627.63,Female,0,Yes,No,Yes,DSL,Month-to-month,Credit card,Yes,No
21.0,164.98,3486.43,756.14,Female,0,No,Yes,No,DSL,One year,Credit card,No,No
-1.0,134.78,1614.24,-1253.81,Female,0,Yes,Yes,No,DSL,Two year,Mailed check,No,No
11.0,126.42,1757.03,-1495.75,Male,0,No,Yes,Yes,Fiber optic,Two year,,No,No
4.0,171.35,2263.22,655.78,Female,0,No,Yes,Yes,DSL,Month-to-month,Credit card,Yes,Yes
7.0,182.14,1119.86,-263.8,Male,0,Yes,No,Yes,DSL,Two year,Electronic check,No internet service,No
24.0,82.52,1333.74,474.8,Female,1,No,Yes,Yes,DSL,Two year,Electronic check,,Yes
40.0,,5654.73,1056.5,Male,0,No,No,Yes,DSL,Month-to-month,Credit card,Yes,Yes
39.0,108.85,2454.23,-1071.41,Female,0,Yes,No,Yes,DSL,Two year,,,No
79.0,-13.1,1335.77,758.79,Female,0,Yes,No,No,None,Month-to-month,Electronic check,No internet service,Yes
0.0,80.11,3422.27,-1085.02,Male,0,No,Yes,Yes,DSL,One year,Bank transfer,Yes,No
4.0,85.82,-1810.46,1539.82,Male,0,No,No,Yes,DSL,One year,Electronic check,No internet service,Yes
,,1949.56,-1190.56,Male,1,Yes,No,Yes,DSL,Month-to-month,Electronic check,No,No
20.0,66.78,270.52,995.6,Female,0,No,Yes,Yes,DSL,One year,Electronic check,No internet service,Yes
2.0,130.98,515.65,625.46,Female,1,No,No,Yes,Fiber optic,One year,Electronic check,No internet service,Yes
,166.88,5619.74,175.85,Female,0,No,No,Yes,Fiber optic,Month-to-month,Credit card,No,Yes
,200.88,-999.65,1596.42,Female,0,No,Yes,No,None,One year,Mailed check,No internet service,Yes
14.0,112.91,2355.92,768.26,Female,0,Yes,No,Yes,Fiber optic,Two year,,No,Yes
10.0,92.07,3692.99,-58.69,Female,0,Yes,No,Yes,Fiber optic,One year,Credit card,Yes,No
36.0,129.97,4327.95,306.04,Male,0,No,No,Yes,None,One year,Credit card,Yes,Yes
4.0,-55.75,1015.24,1236.46,Male,1,Yes,No,Yes,DSL,Two year,,Yes,No
-27.0,,1535.04,385.45,Female,0,No,Yes,Yes,Fiber optic,One year,Bank transfer,No internet service,Yes
,14.47,468.95,69.27,Female,0,No,No,Yes,Fiber optic,Month-to-month,Mailed check,No,No
15.0,199.26,2994.84,437.79,Male,0,Yes,Yes,No,None,One year,Bank transfer,No,No
9.0,38.38,1585.61,-704.23,Male,0,No,Yes,Yes,DSL,Month-to-month,Mailed check,No,No
28.0,82.82,-53.1,831.6,Female,0,No,Yes,Yes,DSL,Month-to-month,Electronic check,No,No
-22.0,149.11,933.07,935.13,Male,0,No,Yes,No,None,Two year,Credit card,Yes,Yes
-38.0,202.96,20.33,1377.57,Female,1,Yes,Yes,Yes,None,Two year,Bank transfer,No internet service,Yes
28.0,-42.47,2229.66,574.22,Male,0,Yes,No,Yes,Fiber optic,Two year,Bank transfer,Yes,No
31.0,59.09,1768.89,730.32,Female,0,Yes,Yes,Yes,Fiber optic,Two year,,No,Yes
6.0,188.34,2575.48,1443.85,Female,0,Yes,No,Yes,Fiber optic,Month-to-month,Credit card,Yes,Yes
19.0,84.91,-883.93,1332.54,Male,0,Yes,No,Yes,Fiber optic,One year,Electronic check,,Yes
-6.0,102.82,893.92,-1721.46,Female,0,No,Yes,Yes,Fiber optic,Month-to-month,Electronic check,No,No
53.0,75.02,1422.65,894.81,Male,0,No,No,Yes,DSL,Month-to-month,Mailed check,Yes,Yes
3.0,75.43,369.95,86.97,Female,1,Yes,Yes,Yes,Fiber optic,Month-to-month,Mailed check,No,No
-64.0,280.65,6092.16,914.39,Female,0,No,No,Yes,None,One year,Credit card,No,Yes
,116.13,2006.27,1601.14,Female,0,Yes,No,Yes,None,One year,Credit card,,Yes
8.0,142.81,1045.0,268.39,Female,0,No,No,Yes,DSL,One year,Electronic check,No internet service,Yes
0.0,157.62,6315.61,526.75,Female,0,Yes,Yes,No,None,Month-to-month,Credit card,No,Yes
15.0,174.92,4026.46,408.43,Male,1,No,No,Yes,None,Month-to-month,Credit card,Yes,Yes
7.0,130.88,2715.63,-1099.2,Male,0,No,No,Yes,DSL,Two year,Mailed check,No internet service,No
60.0,13.08,914.11,921.4,Female,0,Yes,No,No,Fiber optic,Month-to-month,,No internet service,Yes
4.0,116.77,-252.61,-894.75,Female,0,Yes,Yes,Yes,DSL,Month-to-month,Electronic check,No internet service,No
3.0,171.77,2568.95,-596.09,Male,0,Yes,No,Yes,Fiber optic,Month-to-month,Bank transfer,No,No
7.0,49.13,405.07,-149.52,Female,0,Yes,Yes,Yes,Fiber optic,Month-to-month,Mailed check,No,No
7.0,139.33,2998.62,11.6,Female,0,Yes,No,Yes,Fiber optic,One year,Credit card,Yes,No
4.0,49.27,2318.72,-1292.4,Male,0,No,Yes,Yes,None,One year,Electronic check,No internet service,No
6.0,164.04,1643.17,1217.25,Male,0,Yes,Yes,Yes,DSL,One year,Credit card,Yes,Yes
24.0,79.49,1418.84,576.43,Male,0,No,Yes,Yes,Fiber optic,One year,Mailed check,No,Yes
16.0,127.56,1894.42,134.58,Male,0,No,Yes,Yes,DSL,Two year,Mailed check,No,Yes
12.0,131.56,2846.97,-1723.8,Male,0,Yes,Yes,Yes,DSL,Two year,Electronic check,No internet service,No
20.0,154.39,3003.84,463.72,Male,0,Yes,Yes,Yes,Fiber optic,One year,Bank transfer,No,Yes
33.0,70.58,3498.37,536.45,Female,0,No,No,Yes,Fiber optic,Two year,,No internet service,No
-9.0,84.29,373.76,-1427.04,Male,0,Yes,Yes,Yes,DSL,Month-to-month,Mailed check,No,No
-61.0,,-1889.23,2305.2,Female,0,No,Yes,Yes,None,Two year,Bank transfer,No internet service,Yes
8.0,202.48,2673.79,-298.8,Male,0,No,No,Yes,Fiber optic,One year,Mailed check,No internet service,No
33.0,94.3,3865.34,136.56,Female,0,No,No,Yes,Fiber optic,Month-to-month,Credit card,Yes,Yes
54.0,171.11,2374.02,-123.74,Female,0,Yes,No,Yes,None,Two year,Electronic check,No internet service,No
-10.0,-40.76,421.71,135.02,Female,0,No,No,Yes,Fiber optic,One year,Mailed check,No internet service,No
15.0,155.91,2787.3,-706.11,Female,0,No,Yes,Yes,Fiber optic,One year,Bank transfer,Yes,No
4.0,53.29,2264.15,911.89,Female,1,Yes,Yes,Yes,DSL,Month-to-month,Bank transfer,No internet service,Yes
-3.0,52.19,-1260.34,284.55,Male,0,Yes,No,Yes,Fiber optic,Month-to-month,Electronic check,,No
28.0,66.35,2853.3,-803.94,Male,0,No,Yes,Yes,Fiber optic,One year,Electronic check,No internet service,Yes
0.0,163.91,171.03,1198.56,Female,0,No,Yes,Yes,Fiber optic,One year,Mailed check,No internet service,Yes
20.0,-3.63,1808.67,-158.94,Female,0,No,No,Yes,None,Month-to-month,Bank transfer,Yes,No
-9.0,2.38,-719.98,-83.62,Male,1,No,Yes,Yes,Fiber optic,Month-to-month,Electronic check,No internet service,No
67.0,12.97,3516.75,-128.26,Female,0,No,Yes,Yes,DSL,Month-to-month,Mailed check,Yes,Yes
15.0,66.68,1067.43,-765.92,Female,0,No,No,Yes,DSL,Month-to-month,Mailed check,Yes,No
19.0,168.16,3170.89,204.42,Female,0,No,No,Yes,DSL,Month-to-month,Credit card,Yes,Yes
-20.0,233.63,4468.13,784.8,Female,0,Yes,No,No,None,One year,Credit card,Yes,Yes
25.0,-62.92,2951.67,-808.76,Male,0,Yes,Yes,No,None,One year,Bank transfer,Yes,No
0.0,-22.57,971.51,-578.65,Male,0,Yes,No,Yes,DSL,Month-to-month,Mailed check,No,No
-2.0,137.76,3097.6,-1682.62,Female,0,No,No,Yes,Fiber optic,One year,Bank transfer,No,No
34.0,46.48,1394.41,171.07,Female,0,No,No,Yes,None,Month-to-month,Electronic check,No internet service,Yes
-14.0,188.33,764.73,549.18,Male,0,Yes,Yes,No,DSL,Two year,,No,Yes
2.0,,139.75,757.92,Female,1,No,Yes,Yes,None,Month-to-month,Electronic check,No internet service,Yes
15.0,207.92,2746.64,159.17,Female,0,No,No,Yes,None,Two year,Bank transfer,,No
54.0,-33.66,4341.28,-1176.7,Male,1,No,No,No,Fiber optic,Two year,Electronic check,No internet service,Yes
-5.0,191.63,1790.47,317.2,Female,0,No,Yes,Yes,Fiber optic,One year,Bank transfer,No internet service,Yes
20.0,-39.1,1253.33,73.34,Female,0,Yes,No,Yes,DSL,Month-to-month,Mailed check,No,No
9.0,184.67,1936.89,302.63,Male,0,Yes,Yes,Yes,DSL,Month-to-month,Bank transfer,No,Yes
35.0,3.47,3391.46,-405.17,Male,0,No,No,Yes,None,Two year,Mailed check,No internet service,Yes
10.0,75.32,3125.91,-830.3,Male,1,Yes,No,Yes,DSL,Two year,Mailed check,No,No
22.0,84.07,3760.34,-807.78,Male,0,Yes,Yes,Yes,Fiber optic,Two year,Bank transfer,No,Yes
5.0,78.06,1743.96,423.42,Male,0,Yes,No,Yes,None,Month-to-month,Bank transfer,No,Yes
0.0,141.84,4670.53,1150.38,Male,0,No,No,Yes,Fiber optic,Month-to-month,Credit card,No,Yes
39.0,67.98,952.51,-365.56,Male,0,Yes,No,Yes,DSL,Month-to-month,Electronic check,No internet service,Yes
-17.0,115.51,2436.24,1529.84,Male,1,Yes,Yes,Yes,None,One year,Credit card,No,Yes
22.0,48.58,2385.41,-703.22,Female,1,Yes,Yes,Yes,DSL,Month-to-month,Bank transfer,Yes,No
14.0,103.9,1376.45,1026.39,Male,0,No,No,Yes,Fiber optic,Two year,Mailed check,No,Yes
-4.0,-94.33,592.08,512.77,Male,0,Yes,No,Yes,DSL,Two year,Electronic check,No internet service,No
-24.0,37.71,-909.19,741.1,Female,0,Yes,Yes,Yes,DSL,Month-to-month,,Yes,No
0.0,158.58,2072.88,618.0,Male,0,Yes,No,Yes,Fiber optic,Two year,Bank transfer,No,Yes
-21.0,231.37,331.19,410.19,Female,0,Yes,No,Yes,Fiber optic,Month-to-month,Bank transfer,No,Yes
15.0,-45.46,1316.85,-995.77,Female,1,Yes,Yes,Yes,DSL,Month-to-month,Electronic check,No internet service,No
-5.0,176.94,4795.87,1535.24,Female,0,Yes,No,Yes,Fiber optic,Month-to-month,Credit card,Yes,Yes
-7.0,191.77,171.83,1481.73,Male,1,No,No,Yes,Fiber optic,One year,Mailed check,No internet service,Yes
33.0,122.45,2421.43,969.93,Female,0,No,No,Yes,None,Month-to-month,Credit card,Yes,Yes
23.0,31.75,4273.52,117.83,Female,0,Yes,Yes,Yes,DSL,One year,Bank transfer,No,No
,171.21,1155.99,1087.2,Male,1,Yes,Yes,Yes,Fiber optic,Month-to-month,Bank transfer,No,Yes
9.0,119.84,2606.22,250.73,Female,0,Yes,No,No,Fiber optic,Two year,Credit card,Yes,No
10.0,,-545.29,658.2,Male,0,No,No,Yes,None,One year,Electronic check,No internet service,Yes
0.0,54.66,2280.51,802.45,Male,0,Yes,No,Yes,Fiber optic,Month-to-month,Bank transfer,No internet service,Yes
11.0,151.41,3496.58,923.46,Female,0,Yes,Yes,Yes,None,Month-to-month,Credit card,,No
0.0,90.02,3195.48,-744.75,Male,1,No,No,Yes,None,One year,Bank transfer,,No
3.0,-9.62,1688.89,-2029.93,Female,1,Yes,Yes,Yes,DSL,Month-to-month,Mailed check,Yes,No
21.0,172.52,1888.94,253.12,Male,0,No,No,Yes,Fiber optic,Month-to-month,Bank transfer,Yes,Yes
-8.0,91.67,-1669.66,579.56,Male,0,Yes,No,Yes,Fiber optic,Month-to-month,Electronic check,No internet service,No
-6.0,198.33,-1179.65,1194.7,Male,0,Yes,Yes,Yes,DSL,One year,Electronic check,No internet service,Yes
22.0,22.35,1851.03,367.15,Male,0,No,No,Yes,None,One year,Electronic check,No internet service,Yes
47.0,-16.27,3092.68,-1461.96,Male,0,No,Yes,No,DSL,Month-to-month,Mailed check,Yes,No
20.0,61.78,492.08,-803.12,Male,0,Yes,No,Yes,DSL,Month-to-month,Electronic check,No internet service,No
-5.0,138.62,1546.01,1500.44,Female,0,Yes,Yes,Yes,DSL,One year,Credit card,Yes,Yes
33.0,-25.89,3104.77,209.18,Male,0,No,No,Yes,Fiber optic,Two year,Bank transfer,Yes,No
5.0,79.94,3896.06,-435.5,Male,1,No,No,Yes,None,One year,Bank transfer,No,No
39.0,,2334.37,-1662.18,Female,0,Yes,Yes,Yes,None,Month-to-month,Electronic check,,No
42.0,32.39,3342.92,-1924.75,Male,0,No,No,Yes,None,Month-to-month,Mailed check,,No
34.0,-2.56,3660.5,-592.61,Female,1,No,No,Yes,None,Two year,Electronic check,No,No
-11.0,227.14,2286.63,-1598.26,Female,0,Yes,No,Yes,None,Month-to-month,Credit card,Yes,No
-21.0,45.82,-811.24,569.71,Female,0,Yes,Yes,Yes,DSL,Month-to-month,Mailed check,No,No
0.0,194.88,589.76,1247.83,Female,0,No,Yes,Yes,DSL,Two year,,No,Yes
,-76.34,3420.76,119.37,Male,0,Yes,No,Yes,Fiber optic,Two year,Mailed check,Yes,No
-33.0,113.06,-1061.83,-1481.95,Female,1,No,No,Yes,Fiber optic,Month-to-month,Electronic check,No internet service,No
10.0,45.12,3706.09,842.62,Female,0,No,No,No,DSL,Month-to-month,Credit card,No,Yes
-4.0,124.1,2675.21,-2062.88,Female,0,No,No,Yes,Fiber optic,One year,Mailed check,No,No
0.0,139.61,2529.86,-451.48,Male,0,No,No,Yes,Fiber optic,Month-to-month,Credit card,Yes,No
9.0,122.48,3087.64,-160.42,Female,1,No,Yes,Yes,DSL,Two year,Bank transfer,,Yes
-24.0,67.85,-2596.09,636.1,Female,0,No,No,Yes,Fiber optic,Month-to-month,Electronic check,No internet service,No
-12.0,106.81,-450.45,-808.5,Female,0,Yes,No,Yes,None,Month-to-month,Mailed check,No,No
-1.0,91.08,108.47,536.9,Male,0,Yes,No,Yes,Fiber optic,One year,Electronic check,No internet service,Yes
15.0,-33.14,2339.05,-1247.65,Male,0,No,Yes,Yes,None,Month-to-month,Bank transfer,Yes,No
-6.0,73.35,-66.5,-1746.25,Male,1,Yes,No,Yes,None,Month-to-month,Electronic check,No,No
5.0,116.75,-1041.51,1047.94,Female,0,Yes,Yes,Yes,Fiber optic,Month-to-month,Electronic check,No internet service,Yes
24.0,300.25,251.03,-360.65,Male,0,Yes,No,Yes,Fiber optic,Two year,Electronic check,Yes,No
-5.0,88.25,-802.79,-202.17,Female,0,No,Yes,Yes,None,Month-to-month,Electronic check,No internet service,Yes
22.0,-18.96,5370.4,927.82,Male,0,No,No,Yes,Fiber optic,One year,Credit card,No,No
-8.0,194.03,1605.32,-1484.41,Female,0,Yes,Yes,Yes,None,One year,,,No
-2.0,71.11,3802.61,-7.97,Male,0,Yes,No,Yes,None,One year,Credit card,,No
19.0,,1259.27,724.88,Female,0,Yes,Yes,Yes,Fiber optic,Month-to-month,Electronic check,No internet service,Yes
19.0,110.57,3859.49,165.09,Male,1,Yes,No,Yes,None,One year,Bank transfer,No,No
19.0,18.67,2056.48,-1345.39,Male,0,Yes,Yes,Yes,Fiber optic,Month-to-month,Mailed check,No,No
12.0,1.86,601.81,1125.17,Male,1,No,Yes,Yes,Fiber optic,One year,Mailed check,No,No
-3.0,76.18,-311.45,-759.01,Male,0,No,Yes,Yes,DSL,Month-to-month,Electronic check,No,No
,-4.72,-1217.09,1425.07,Female,0,Yes,No,Yes,Fiber optic,Month-to-month,Mailed check,No internet service,No
12.0,187.15,833.75,1755.25,Male,1,Yes,No,Yes,Fiber optic,Month-to-month,Bank transfer,No,Yes
0.0,175.18,2890.96,256.24,Male,0,No,No,Yes,DSL,One year,Credit card,Yes,No
24.0,24.29,1713.49,-170.77,Female,0,No,Yes,Yes,DSL,Month-to-month,Bank transfer,Yes,No
20.0,82.03,-83.09,1538.71,Male,0,Yes,Yes,No,DSL,One year,Mailed check,No,Yes
-6.0,142.67,3108.12,-661.54,Female,0,Yes,No,Yes,Fiber optic,Two year,Bank transfer,No,Yes
11.0,211.42,534.9,-1248.5,Male,0,Yes,Yes,Yes,None,Two year,Electronic check,No,No
,42.45,1176.56,-254.52,Female,1,Yes,No,Yes,Fiber optic,Month-to-month,Mailed check,No,No
-1.0,25.06,358.12,-172.27,Male,0,Yes,No,Yes,DSL,Month-to-month,Electronic check,No,No
-17.0,96.32,-579.88,297.71,Male,0,Yes,No,Yes,None,Month-to-month,Mailed check,No,No
10.0,142.95,5670.96,-722.6,Male,1,No,No,Yes,None,Month-to-month,Credit card,No,Yes
11.0,72.27,4753.54,666.24,Male,0,No,No,Yes,Fiber optic,One year,Credit card,,Yes
-4.0,,4990.09,-369.89,Female,0,No,Yes,Yes,Fiber optic,Month-to-month,Credit card,Yes,No
0.0,25.39,310.49,407.67,Female,0,No,No,Yes,None,One year,Mailed check,No,No
25.0,21.98,301.57,431.53,Male,0,No,Yes,No,DSL,One year,Electronic check,No internet service,Yes
54.0,29.55,2012.38,1053.62,Male,0,No,No,Yes,Fiber optic,One year,Mailed check,Yes,Yes
8.0,42.01,982.09,-464.72,Male,0,Yes,No,Yes,DSL,Month-to-month,Mailed check,Yes,No
13.0,93.37,3390.56,53.62,Female,0,Yes,Yes,Yes,DSL,One year,Bank transfer,No internet service,No
15.0,,6315.75,-471.6,Male,0,Yes,Yes,Yes,Fiber optic,Month-to-month,Credit card,Yes,Yes
37.0,-13.74,1244.9,960.55,Female,0,No,No,Yes,Fiber optic,Month-to-month,Mailed check,No,No
37.0,,3833.76,126.74,Male,0,Yes,Yes,Yes,Fiber optic,Two year,Bank transfer,Yes,No
44.0,82.54,3471.95,-388.58,Male,0,Yes,No,Yes,DSL,Two year,Electronic check,No internet service,No
14.0,81.99,3200.83,624.81,Female,0,Yes,Yes,Yes,None,Month-to-month,Credit card,Yes,No
-13.0,91.3,5001.09,752.6,Male,0,Yes,Yes,No,Fiber optic,Month-to-month,Credit card,Yes,No
23.0,74.72,2385.41,951.72,Male,0,Yes,No,Yes,Fiber optic,Month-to-month,Bank transfer,Yes,Yes
3.0,-25.39,1262.43,-62.97,Female,0,Yes,Yes,No,DSL,Month-to-month,Bank transfer,Yes,No
16.0,131.97,-1369.92,2097.92,Female,0,Yes,Yes,Yes,Fiber optic,One year,Mailed check,No,Yes
4.0,,283.49,-234.37,Female,0,No,Yes,Yes,DSL,Month-to-month,Electronic check,No,No
5.0,131.63,157.44,1057.01,Male,0,Yes,Yes,Yes,None,One year,Electronic check,No internet service,Yes
-20.0,,-955.7,188.02,Male,0,Yes,No,Yes,DSL,Month-to-month,Electronic check,No internet service,No
29.0,187.62,1732.3,1151.69,Female,1,Yes,Yes,Yes,DSL,Month-to-month,Credit card,Yes,Yes
19.0,110.43,2055.73,547.39,Male,0,Yes,Yes,Yes,None,Month-to-month,Bank transfer,Yes,Yes
19.0,33.72,108.26,395.27,Female,0,No,No,Yes,None,Month-to-month,Electronic check,No,No
-32.0,259.46,2809.98,-47.84,Female,0,No,Yes,Yes,None,Two year,Credit card,No,Yes
-7.0,33.13,4735.84,-6.31,Male,0,Yes,No,Yes,Fiber optic,Month-to-month,Credit card,No internet service,No
28.0,186.99,1261.22,-1261.64,Male,0,No,No,Yes,None,Two year,Electronic check,No,No
66.0,83.74,2735.39,1089.93,Female,0,No,No,Yes,None,Month-to-month,Bank transfer,Yes,Yes
11.0,117.82,1682.94,263.79,Male,1,Yes,No,Yes,DSL,One year,Electronic check,No internet service,Yes
15.0,78.77,606.22,306.25,Female,0,No,No,Yes,None,One year,Electronic check,No internet service,Yes
-20.0,224.93,3674.99,144.64,Male,0,Yes,Yes,Yes,None,Two year,Credit card,Yes,Yes
-4.0,152.45,3076.99,69.17,Male,0,Yes,No,Yes,DSL,Two year,Credit card,No,Yes
35.0,-18.02,2710.36,-784.61,Male,0,Yes,Yes,Yes,DSL,Month-to-month,Bank transfer,Yes,No
-3.0,149.15,1312.74,564.64,Female,0,Yes,Yes,Yes,DSL,One year,Bank transfer,No,Yes
20.0,64.5,3900.27,944.5,Female,0,Yes,Yes,Yes,Fiber optic,Month-to-month,Credit card,No,Yes
56.0,-71.36,4711.44,-841.16,Female,0,No,No,Yes,None,Two year,Electronic check,No internet service,Yes
8.0,78.92,1108.22,-595.82,Female,0,No,Yes,Yes,Fiber optic,Month-to-month,Mailed check,Yes,No
39.0,22.9,2491.88,-799.49,Female,0,Yes,Yes,Yes,DSL,Month-to-month,Mailed check,Yes,No
,162.56,2837.45,-617.06,Male,0,Yes,No,Yes,DSL,Two year,Mailed check,No,No
-56.0,300.0,-604.05,1722.32,Female,0,No,No,Yes,DSL,Two year,Credit card,Yes,Yes
0.0,-21.41,5381.04,-881.24,Female,0,No,No,Yes,None,Month-to-month,Credit card,No,No
-6.0,55.57,4167.57,313.88,Male,0,No,No,Yes,None,One year,Credit card,No,Yes
,-14.01,726.52,-710.02,Male,0,Yes,No,Yes,Fiber optic,Month-to-month,Electronic check,No,No
27.0,-57.63,1038.92,2353.84,Male,0,Yes,Yes,No,Fiber optic,Two year,Bank transfer,Yes,Yes
41.0,146.93,2764.41,49.02,Male,0,No,No,Yes,DSL,Two year,Mailed check,No,No
13.0,92.49,3927.29,409.85,Female,0,Yes,No,Yes,Fiber optic,Month-to-month,Credit card,Yes,Yes
-12.0,22.03,-87.09,384.05,Male,0,No,No,No,DSL,One year,Mailed check,No internet service,Yes
-40.0,210.57,2220.3,731.36,Male,0,No,Yes,Yes,DSL,Two year,Credit card,No,Yes
42.0,36.87,2007.7,350.6,Female,0,No,Yes,Yes,Fiber optic,Two year,Electronic check,No,Yes
43.0,102.56,1111.01,829.56,Male,1,No,Yes,Yes,Fiber optic,Month-to-month,Mailed check,No,Yes
,,3757.5,724.37,Female,0,No,Yes,Yes,Fiber optic,Month-to-month,Credit card,Yes,Yes
11.0,227.49,-351.78,-906.14,Male,0,No,No,Yes,Fiber optic,Two year,Electronic check,No internet service,No
17.0,159.81,1460.32,-436.05,Male,0,Yes,Yes,Yes,DSL,Two year,Electronic check,No internet service,No
6.0,33.18,5186.25,819.4,Female,1,No,No,Yes,DSL,Month-to-month,Credit card,Yes,No
29.0,98.02,2637.79,549.17,Male,0,No,No,Yes,DSL,Month-to-month,Bank transfer,Yes,Yes
31.0,58.34,1543.17,263.29,Female,0,No,Yes,No,DSL,One year,Electronic check,No,Yes
7.0,119.71,560.34,651.14,Male,0,Yes,No,Yes,DSL,Month-to-month,Mailed check,No,Yes
15.0,116.39,3968.68,622.99,Female,0,Yes,No,Yes,Fiber optic,Month-to-month,Credit card,,Yes
-68.0,360.32,1088.38,1129.34,Female,0,Yes,No,Yes,None,Two year,,Yes,Yes
-24.0,159.02,2568.29,-1150.15,Female,0,No,No,Yes,DSL,Month-to-month,Credit card,Yes,No
10.0,171.47,2765.41,-381.75,Male,0,Yes,No,Yes,None,One year,Bank transfer,Yes,No
19.0,27.86,4213.71,776.27,Male,0,No,Yes,Yes,DSL,One year,Credit card,Yes,No
0.0,163.43,1982.68,-102.74,Male,0,No,No,Yes,Fiber optic,One year,Mailed check,No internet service,Yes
32.0,,7335.09,1154.36,Male,0,Yes,No,No,None,Month-to-month,Credit card,Yes,Yes
19.0,80.99,3389.54,-184.4,Male,0,No,Yes,Yes,Fiber optic,Month-to-month,Bank transfer,No,Yes
50.0,62.71,2029.59,415.29,Female,0,Yes,Yes,Yes,Fiber optic,Month-to-month,Bank transfer,Yes,Yes
-47.0,23.05,-1500.67,624.89,Male,0,Yes,Yes,Yes,Fiber optic,Month-to-month,Bank transfer,No,No
-16.0,110.1,-1667.2,702.74,Male,0,No,Yes,Yes,None,Month-to-month,Electronic check,No internet service,No
-20.0,61.95,2145.48,1041.58,Female,0,No,No,Yes,Fiber optic,One year,Credit card,No internet service,Yes
24.0,125.29,-127.76,709.46,Male,0,No,Yes,No,None,Month-to-month,Electronic check,No internet service,No
4.0,166.98,988.13,339.99,Female,0,No,Yes,Yes,DSL,One year,Mailed check,No,Yes
5.0,138.16,-177.36,943.58,Male,0,No,Yes,Yes,None,Month-to-month,Mailed check,No,Yes
42.0,-43.26,2093.65,136.61,Male,0,No,No,Yes,DSL,Month-to-month,Mailed check,No,Yes
18.0,158.29,4019.69,86.5,Female,0,Yes,No,Yes,DSL,Two year,Bank transfer,No,Yes
41.0,28.84,-831.3,1162.47,Female,0,No,Yes,Yes,Fiber optic,Month-to-month,Electronic check,,Yes
-5.0,116.37,-1875.4,2172.11,Female,0,No,No,Yes,Fiber optic,One year,Electronic check,No internet service,Yes
-20.0,-23.5,-455.54,-225.59,Male,0,No,Yes,Yes,Fiber optic,Month-to-month,Mailed check,No,No
21.0,108.07,4003.46,626.62,Female,1,No,No,Yes,Fiber optic,One year,Credit card,No,No
39.0,8.1,2091.29,-249.26,Male,1,No,Yes,Yes,DSL,Month-to-month,Mailed check,No,No
-4.0,187.74,-127.88,1392.14,Female,0,Yes,No,Yes,Fiber optic,One year,Bank transfer,No,Yes
1.0,,867.86,369.42,Male,1,Yes,No,Yes,Fiber optic,One year,Mailed check,No,No
,168.0,2388.75,-1690.41,Male,0,No,No,Yes,DSL,Two year,Mailed check,No,No
9.0,139.88,3431.54,-442.04,Male,0,No,No,No,Fiber optic,Two year,Bank transfer,No,No
34.0,,3376.4,1289.46,Male,1,Yes,Yes,Yes,None,One year,Bank transfer,,No
1.0,126.27,815.69,1234.95,Female,1,No,Yes,No,None,Month-to-month,Bank transfer,No internet service,Yes
24.0,111.7,3343.19,398.27,Female,0,Yes,Yes,Yes,Fiber optic,One year,Mailed check,No internet service,No
-9.0,10.85,846.91,-415.72,Female,0,Yes,No,No,Fiber optic,One year,Mailed check,No,No
-9.0,131.33,4299.28,695.94,Male,0,Yes,No,Yes,None,Month-to-month,Credit card,No internet service,Yes
-10.0,98.14,-502.43,-792.31,Female,0,No,Yes,Yes,Fiber optic,Month-to-month,Electronic check,No,No
41.0,24.54,4705.03,128.07,Male,1,No,Yes,No,DSL,Month-to-month,Credit card,Yes,Yes
25.0,108.14,2603.06,-554.92,Female,0,No,Yes,No,DSL,Two year,,No,No
14.0,121.14,57.0,-216.56,Male,0,Yes,No,Yes,None,Month-to-month,Electronic check,No,No
35.0,-6.6,4226.03,-1322.41,Male,0,Yes,No,Yes,DSL,One year,Electronic check,No internet service,Yes
21.0,119.48,3113.42,-477.98,Female,0,Yes,No,Yes,None,Two year,Mailed check,No,Yes
12.0,183.55,-249.91,623.02,Female,0,No,Yes,No,DSL,Month-to-month,Mailed check,No,Yes
11.0,141.59,2803.82,-840.27,Female,0,No,No,Yes,None,Two year,Mailed check,,No
-14.0,118.68,3611.65,542.98,Male,0,No,Yes,Yes,Fiber optic,Month-to-month,Credit card,No,No
39.0,194.48,3266.16,592.49,Male,0,Yes,No,Yes,Fiber optic,Month-to-month,Credit card,Yes,Yes
-11.0,95.68,4742.25,507.58,Male,0,Yes,No,Yes,None,Month-to-month,Credit card,No internet service,Yes
7.0,150.56,5841.37,601.52,Male,0,Yes,Yes,Yes,None,Month-to-month,Credit card,No,Yes
19.0,95.04,4084.76,242.57,Female,0,No,Yes,Yes,None,Two year,Bank transfer,No internet service,No
-1.0,134.53,627.28,1184.15,Male,1,Yes,Yes,Yes,Fiber optic,One year,Mailed check,No internet service,Yes
-6.0,160.93,305.57,376.39,Female,0,No,Yes,Yes,DSL,One year,Electronic check,No internet service,Yes
25.0,114.77,5126.4,586.76,Male,0,Yes,Yes,Yes,Fiber optic,One year,Credit card,Yes,No
29.0,116.31,858.34,474.76,Male,0,Yes,No,Yes,DSL,One year,Electronic check,No internet service,Yes
93.0,-104.42,2179.57,298.19,Male,0,Yes,Yes,Yes,Fiber optic,Month-to-month,Electronic check,No internet service,Yes
38.0,23.96,1861.22,579.17,Female,0,No,No,No,DSL,Month-to-month,Bank transfer,Yes,No
22.0,44.13,-14.52,1412.51,Male,1,Yes,Yes,Yes,Fiber optic,One year,Electronic check,No internet service,Yes
-6.0,190.08,1353.81,-1186.25,Female,1,Yes,No,Yes,None,Month-to-month,Bank transfer,Yes,No
8.0,121.13,3096.53,33.75,Male,0,Yes,No,Yes,None,One year,Credit card,Yes,No
11.0,163.35,2004.69,-1644.73,Female,0,No,Yes,Yes,None,Two year,Mailed check,Yes,No
0.0,124.18,1202.96,1089.45,Male,0,Yes,No,Yes,Fiber optic,Month-to-month,Bank transfer,No,Yes
29.0,100.2,2323.29,-13.68,Female,0,Yes,Yes,Yes,Fiber optic,One year,Mailed check,No,Yes
-19.0,111.38,3482.25,-240.75,Female,0,Yes,Yes,Yes,DSL,Month-to-month,Credit card,Yes,No
-7.0,93.96,-1793.22,771.77,Female,0,No,Yes,Yes,Fiber optic,Month-to-month,Electronic check,No internet service,No
,-44.96,2095.29,-724.83,Female,0,No,Yes,Yes,DSL,One year,Bank transfer,Yes,No
12.0,-32.02,1868.21,-1133.07,Male,1,No,No,Yes,DSL,Month-to-month,Mailed check,No,No
1.0,,2447.96,959.62,Male,0,No,No,Yes,Fiber optic,Month-to-month,Credit card,Yes,Yes
-39.0,147.92,2236.47,700.26,Male,0,Yes,Yes,Yes,None,Month-to-month,Credit card,No internet service,Yes
19.0,249.9,1178.04,820.71,Male,0,Yes,No,Yes,None,Month-to-month,Bank transfer,Yes,Yes
40.0,,2391.75,-1482.37,Female,0,No,No,Yes,None,Month-to-month,Mailed check,Yes,No
-28.0,,-1881.43,1413.44,Male,0,No,Yes,Yes,None,One year,Electronic check,No internet service,No
6.0,74.12,1890.62,435.25,Male,0,No,Yes,Yes,DSL,Month-to-month,Bank transfer,No,Yes
-22.0,31.82,-229.07,164.45,Male,0,Yes,No,Yes,Fiber optic,Month-to-month,Bank transfer,No,No
-9.0,14.94,961.14,606.19,Male,0,No,No,Yes,None,Month-to-month,Mailed check,No internet service,Yes
32.0,62.82,1575.81,-887.23,Male,0,Yes,Yes,Yes,Fiber optic,Month-to-month,Electronic check,,No
0.0,167.28,2425.67,-525.32,Female,0,No,No,Yes,Fiber optic,One year,Bank transfer,,No
-6.0,2.32,740.76,-753.67,Female,0,Yes,Yes,Yes,DSL,Month-to-month,Mailed check,No,No
-3.0,155.77,442.11,2305.78,Female,0,Yes,No,No,None,One year,Credit card,Yes,Yes
-44.0,278.82,-370.58,977.82,Male,0,Yes,Yes,Yes,None,One year,Mailed check,No internet service,Yes
10.0,160.08,1528.04,128.97,Male,0,Yes,No,Yes,Fiber optic,One year,Mailed check,No internet service,Yes
-26.0,148.84,-25.42,435.52,Female,0,No,No,No,None,Month-to-month,Mailed check,No internet service,Yes
11.0,135.18,962.77,-1352.22,Male,0,Yes,Yes,Yes,Fiber optic,Two year,Electronic check,No,No
25.0,99.43,-384.25,444.7,Female,0,Yes,No,Yes,DSL,Month-to-month,Electronic check,No internet service,Yes
-19.0,90.42,3560.1,-686.17,Male,0,No,Yes,Yes,Fiber optic,Month-to-month,,Yes,No
-17.0,110.36,3696.19,-635.81,Female,1,No,Yes,Yes,None,Month-to-month,Credit card,Yes,No
16.0,172.62,4637.98,787.03,Female,0,Yes,Yes,No,DSL,Month-to-month,Credit card,Yes,Yes
,73.11,3387.43,1391.06,Female,0,Yes,Yes,Yes,Fiber optic,One year,Credit card,No,Yes
-48.0,33.42,2251.81,434.08,Male,0,No,No,Yes,Fiber optic,One year,Bank transfer,No internet service,Yes
74.0,-50.94,2019.28,-153.34,Female,0,No,No,Yes,DSL,Month-to-month,Electronic check,No internet service,Yes
-32.0,-33.2,407.72,-1414.36,Female,0,Yes,No,Yes,Fiber optic,Month-to-month,Mailed check,No,No
0.0,175.36,3461.29,-391.52,Female,1,No,No,Yes,None,Two year,Bank transfer,No,Yes
-3.0,154.83,802.68,1168.15,Female,0,Yes,No,Yes,Fiber optic,Two year,Bank transfer,No,Yes
-13.0,150.2,1855.66,708.34,Male,0,No,Yes,Yes,Fiber optic,Month-to-month,Bank transfer,No,Yes
-9.0,,2992.52,-800.84,Female,0,Yes,No,Yes,Fiber optic,One year,Bank transfer,No,No
24.0,180.05,3083.09,898.58,Female,0,Yes,Yes,No,None,Month-to-month,Credit card,,Yes
9.0,129.5,2247.39,-824.45,Male,1,No,Yes,No,DSL,Two year,Electronic check,No internet service,No
80.0,223.6,6296.35,-450.07,Male,0,No,No,Yes,None,Month-to-month,Credit card,Yes,Yes
-7.0,160.01,66.04,1339.66,Male,0,No,Yes,Yes,Fiber optic,Two year,Mailed check,No internet service,Yes
27.0,0.44,1893.34,826.8,Female,0,No,Yes,No,Fiber optic,One year,Bank transfer,Yes,No
83.0,-52.6,397.03,577.05,Male,0,Yes,Yes,Yes,Fiber optic,Month-to-month,Electronic check,No internet service,Yes
-43.0,248.17,803.25,1898.81,Male,0,No,Yes,Yes,DSL,One year,Credit card,No,Yes
-10.0,-89.51,1154.16,-190.69,Female,0,Yes,Yes,Yes,None,One year,,No,No
-18.0,-9.88,-719.75,1907.91,Female,0,Yes,No,Yes,None,One year,Bank transfer,No,No
4.0,117.09,-70.05,-904.8,Male,1,Yes,Yes,Yes,None,Month-to-month,Electronic check,,No
25.0,38.94,2104.86,-878.11,Female,0,No,No,Yes,DSL,Month-to-month,Mailed check,No,No
18.0,33.29,1462.63,-1152.31,Female,0,Yes,No,Yes,None,Month-to-month,Electronic check,No,No
20.0,-57.35,2634.09,-1056.27,Male,0,No,Yes,Yes,Fiber optic,Month-to-month,Bank transfer,Yes,No
46.0,-121.06,3307.45,-343.35,Female,0,No,Yes,Yes,Fiber optic,One year,Mailed check,No,No
-44.0,207.77,-180.6,1397.34,Male,0,No,Yes,Yes,None,One year,Bank transfer,No internet service,Yes
-56.0,186.03,3227.15,990.13,Female,0,No,No,Yes,Fiber optic,One year,Credit card,No internet service,Yes
15.0,97.49,2012.89,538.9,Male,0,Yes,No,No,Fiber optic,Month-to-month,Bank transfer,No,Yes
3.0,120.31,3177.82,-339.48,Male,0,No,No,Yes,DSL,One year,Credit card,Yes,No
19.0,81.25,2947.44,50.67,Male,1,No,Yes,Yes,DSL,Two year,Bank transfer,No,No
11.0,114.86,1222.58,1021.38,Male,0,No,Yes,Yes,Fiber optic,Month-to-month,Mailed check,No internet service,Yes
0.0,189.55,-291.1,2069.04,Male,0,No,No,Yes,DSL,Month-to-month,Bank transfer,Yes,Yes
6.0,102.48,2036.82,413.72,Female,0,Yes,Yes,Yes,DSL,One year,Mailed check,No internet service,Yes
-5.0,286.93,431.68,981.88,Female,0,No,Yes,Yes,None,Month-to-month,Credit card,Yes,Yes
29.0,27.15,3900.43,1699.31,Female,0,Yes,Yes,Yes,Fiber optic,One year,Bank transfer,No internet service,No
55.0,-37.61,1004.75,667.24,Male,1,No,No,Yes,Fiber optic,One year,Electronic check,No,Yes
74.0,76.07,7526.21,447.47,Male,0,No,No,Yes,DSL,Month-to-month,Credit card,Yes,Yes
38.0,41.44,2710.44,-463.8,Female,1,No,Yes,Yes,DSL,Month-to-month,Bank transfer,Yes,No
,-33.79,5143.31,329.19,Female,1,Yes,No,Yes,Fiber optic,Month-to-month,Credit card,No,Yes
-14.0,172.29,1930.94,186.2,Male,1,No,Yes,Yes,None,Two year,Bank transfer,No,Yes
-6.0,72.58,3104.73,-660.47,Male,0,Yes,Yes,Yes,None,One year,Bank transfer,No,No
-11.0,93.15,4541.39,169.1,Female,0,Yes,No,Yes,None,Month-to-month,Credit card,Yes,No
18.0,,2339.92,444.38,Male,0,Yes,Yes,Yes,DSL,One year,Bank transfer,No,No
-2.0,60.49,3638.89,-638.65,Female,1,Yes,Yes,No,DSL,Month-to-month,Credit card,Yes,No
-9.0,16.66,-1168.83,-627.63,Male,0,No,No,Yes,None,Month-to-month,Electronic check,No internet service,No
-17.0,-116.28,-304.0,236.96,Female,0,Yes,Yes,Yes,Fiber optic,Month-to-month,Electronic check,No internet service,No
38.0,65.37,4595.32,-889.75,Male,0,No,No,Yes,None,Two year,Bank transfer,No,Yes
23.0,169.95,629.09,-39.96,Male,0,No,No,Yes,None,Month-to-month,Mailed check,Yes,Yes
,98.42,-658.85,577.94,Female,0,Yes,Yes,Yes,Fiber optic,Month-to-month,Electronic check,No,No
-22.0,,-1198.09,-1115.57,Female,0,No,Yes,Yes,DSL,Month-to-month,Electronic check,No internet service,No
-2.0,126.94,2711.52,-1581.48,Male,0,Yes,No,Yes,DSL,Month-to-month,Bank transfer,Yes,No
25.0,164.02,2999.65,1007.21,Female,0,Yes,Yes,Yes,Fiber optic,One year,,Yes,No
-15.0,265.14,2388.81,1685.14,Male,1,Yes,No,Yes,None,Month-to-month,,Yes,Yes
18.0,-61.19,1568.26,-269.06,Male,0,Yes,Yes,Yes,DSL,One year,Mailed check,No,No
0.0,142.34,-616.11,1167.16,Female,1,Yes,No,Yes,Fiber optic,One year,Electronic check,No internet service,Yes
14.0,164.63,2434.29,-248.35,Female,0,Yes,Yes,Yes,Fiber optic,One year,Mailed check,No internet service,Yes
34.0,200.65,1979.34,461.25,Male,0,No,Yes,Yes,Fiber optic,Two year,Mailed check,No,No
-9.0,81.6,186.58,98.23,Female,0,Yes,No,Yes,DSL,Month-to-month,Bank transfer,Yes,No
-15.0,178.83,4478.17,327.44,Female,1,No,No,Yes,DSL,One year,Credit card,No,Yes
26.0,29.95,2288.17,398.27,Female,0,No,Yes,Yes,Fiber optic,Month-to-month,Bank transfer,No,Yes
73.0,-62.74,2422.12,-386.82,Male,0,Yes,No,Yes,DSL,One year,Electronic check,No internet service,Yes
10.0,44.84,-138.26,-333.49,Male,0,Yes,Yes,Yes,None,Month-to-month,Electronic check,No internet service,No
-12.0,131.59,-683.85,844.47,Male,0,No,No,Yes,DSL,One year,Electronic check,No internet service,Yes
13.0,142.0,773.18,1182.24,Female,0,Yes,No,Yes,Fiber optic,One year,Mailed check,No,Yes
-2.0,112.09,-96.27,-365.69,Female,1,Yes,Yes,Yes,None,Month-to-month,Mailed check,No,No
7.0,81.6,2198.08,-522.78,Male,0,Yes,No,Yes,None,One year,Mailed check,No internet service,Yes
2.0,37.99,1726.24,721.07,Male,0,Yes,No,Yes,Fiber optic,Month-to-month,,No internet service,Yes
22.0,107.16,2061.63,832.55,Male,1,No,Yes,Yes,Fiber optic,Two year,Bank transfer,Yes,Yes
-41.0,-8.49,-1565.5,404.06,Female,1,Yes,No,Yes,Fiber optic,One year,Electronic check,No internet service,No
42.0,88.44,247.11,59.7,Male,0,Yes,Yes,Yes,DSL,Month-to-month,Electronic check,No internet service,Yes
-22.0,203.16,1946.69,-1116.99,Male,0,Yes,Yes,Yes,Fiber optic,Month-to-month,Credit card,Yes,No
19.0,58.61,4560.95,1038.52,Female,0,No,No,Yes,Fiber optic,Month-to-month,Credit card,No,No
,159.89,-1929.29,-425.21,Male,0,No,Yes,Yes,None,Month-to-month,Electronic check,No internet service,No
29.0,69.28,2093.43,-671.25,Female,0,No,No,No,Fiber optic,Two year,Electronic check,No,No
10.0,107.28,-247.21,-538.42,Male,0,No,No,Yes,DSL,Month-to-month,Electronic check,No internet service,No
-7.0,153.06,5000.56,425.06,Female,0,No,No,No,None,Month-to-month,Credit card,Yes,No
34.0,-84.63,3140.97,-994.6,Male,0,No,No,Yes,DSL,Month-to-month,Mailed check,Yes,No
-4.0,126.84,3368.85,400.37,Female,0,No,Yes,Yes,DSL,Month-to-month,Credit card,Yes,No
4.0,97.47,4293.84,-341.33,Male,0,Yes,No,Yes,Fiber optic,Month-to-month,Credit card,Yes,No
4.0,41.41,1024.99,-1629.75,Female,0,Yes,Yes,Yes,Fiber optic,Month-to-month,Mailed check,No,No
-26.0,217.18,2716.65,-258.99,Male,0,Yes,Yes,Yes,Fiber optic,Two year,Credit card,,Yes
34.0,75.34,2941.71,270.58,Male,1,No,Yes,Yes,Fiber optic,Two year,Mailed check,No internet service,No
23.0,137.17,3152.65,180.52,Female,0,No,No,Yes,DSL,Two year,Bank transfer,Yes,No
17.0,136.6,3054.15,1250.95,Female,0,Yes,No,Yes,Fiber optic,Month-to-month,Credit card,Yes,Yes
,255.3,5146.28,513.69,Female,0,No,Yes,No,Fiber optic,Month-to-month,Credit card,Yes,Yes
-9.0,65.14,4880.92,-402.75,Male,0,No,No,Yes,DSL,Month-to-month,Credit card,No,No
29.0,83.2,2714.74,-1754.35,Male,0,Yes,Yes,Yes,None,Two year,Electronic check,No internet service,No
-37.0,240.3,-2214.18,1885.85,Female,0,Yes,No,Yes,None,One year,Mailed check,No internet service,Yes
-3.0,120.8,3678.58,-260.4,Male,0,No,Yes,Yes,Fiber optic,Month-to-month,Credit card,Yes,No
18.0,58.25,1084.21,732.16,Female,0,No,No,Yes,Fiber optic,One year,Electronic check,No internet service,Yes
0.0,96.39,4768.09,603.4,Female,0,Yes,Yes,Yes,DSL,Month-to-month,Credit card,No,Yes
4.0,66.99,114.22,273.85,Male,0,Yes,Yes,Yes,Fiber optic,Month-to-month,Mailed check,No,No
7.0,103.61,4762.36,323.43,Male,0,No,Yes,Yes,None,One year,Credit card,,No
-20.0,,2399.25,284.76,Female,0,Yes,Yes,Yes,DSL,Month-to-month,,No internet service,Yes
,228.38,-1918.08,2109.58,Male,0,Yes,Yes,Yes,DSL,One year,Mailed check,No internet service,Yes
34.0,52.44,2230.62,-731.27,Male,0,Yes,No,Yes,Fiber optic,Month-to-month,Mailed check,Yes,No
-20.0,63.34,3385.59,-1449.02,Female,1,Yes,No,Yes,None,Month-to-month,Credit card,Yes,No
41.0,-40.84,3838.47,-862.55,Female,1,Yes,No,Yes,Fiber optic,Month-to-month,Credit card,Yes,No
67.0,-26.89,-1256.15,1528.41,Male,0,No,No,Yes,DSL,Month-to-month,Electronic check,No,Yes
24.0,54.86,1263.88,-1094.86,Male,0,Yes,Yes,Yes,DSL,Month-to-month,Electronic check,No,No
25.0,49.1,3794.41,866.52,Female,0,Yes,No,Yes,Fiber optic,Month-to-month,Credit card,Yes,Yes
33.0,90.2,3867.48,-395.63,Male,1,No,No,Yes,DSL,One year,Mailed check,,Yes
22.0,2.69,1912.44,62.25,Female,0,Yes,No,Yes,None,Month-to-month,Bank transfer,Yes,No
46.0,-8.4,3064.01,-370.78,Female,0,Yes,No,Yes,Fiber optic,Month-to-month,Electronic check,,Yes
8.0,200.39,977.32,1933.6,Male,0,Yes,No,Yes,DSL,Month-to-month,Credit card,Yes,Yes
-14.0,201.83,376.76,1171.99,Male,0,No,No,Yes,Fiber optic,Two year,Bank transfer,No,Yes
41.0,189.5,1008.14,56.27,Male,0,No,No,Yes,DSL,Two year,Electronic check,No,No
1.0,89.14,3741.77,-210.88,Female,0,No,Yes,Yes,None,Month-to-month,Credit card,Yes,No
16.0,204.25,1346.96,-1059.38,Female,0,No,Yes,Yes,None,Two year,Mailed check,Yes,No
11.0,130.62,173.19,1164.57,Female,0,No,No,Yes,Fiber optic,Month-to-month,Bank transfer,Yes,Yes
59.0,-31.27,4286.82,-746.51,Male,0,No,Yes,Yes,None,One year,Bank transfer,Yes,No
2.0,126.55,3431.54,-354.98,Male,1,No,No,Yes,None,Month-to-month,Credit card,Yes,No
9.0,,562.29,1318.52,Male,0,No,No,Yes,None,Month-to-month,Bank transfer,Yes,Yes
-12.0,131.38,2797.37,-204.06,Male,0,Yes,No,Yes,Fiber optic,Two year,Bank transfer,No internet service,Yes
18.0,82.53,6205.15,982.77,Female,1,No,Yes,Yes,Fiber optic,One year,Credit card,Yes,Yes
28.0,124.35,1239.13,-457.85,Female,1,Yes,Yes,Yes,None,Two year,Electronic check,No internet service,No
,205.21,141.24,596.64,Male,0,Yes,Yes,No,None,Month-to-month,Bank transfer,No,Yes
21.0,196.98,1845.13,-625.32,Male,0,No,No,Yes,Fiber optic,One year,Mailed check,Yes,No
7.0,-2.45,5518.89,1243.88,Male,0,No,No,Yes,None,Month-to-month,,No,No
14.0,-43.52,1430.1,214.48,Male,0,Yes,No,Yes,Fiber optic,Month-to-month,Bank transfer,Yes,No
50.0,34.48,2184.33,319.07,Male,0,Yes,Yes,Yes,Fiber optic,One year,Mailed check,Yes,No
-9.0,58.12,3916.22,-1502.64,Male,0,No,No,No,DSL,Month-to-month,Credit card,Yes,No
,122.23,3027.38,991.6,Female,0,Yes,No,Yes,Fiber optic,One year,Credit card,,Yes
19.0,102.62,-158.48,952.41,Male,0,Yes,Yes,Yes,None,Month-to-month,Electronic check,No internet service,Yes
-1.0,206.9,1021.28,-1622.8,Male,0,Yes,Yes,No,DSL,One year,Electronic check,No internet service,No
0.0,47.81,-32.97,-58.78,Female,0,Yes,No,Yes,DSL,Month-to-month,Electronic check,No,No
30.0,123.45,3038.4,269.58,Male,0,No,Yes,Yes,None,Two year,Mailed check,,No
-14.0,-10.42,-384.0,384.34,Male,0,Yes,Yes,Yes,Fiber optic,Month-to-month,Bank transfer,Yes,No
-7.0,135.26,3547.59,-734.06,Female,0,No,Yes,Yes,Fiber optic,Two year,Bank transfer,No,Yes
30.0,14.12,2150.28,-863.89,Female,0,No,No,Yes,None,Month-to-month,Mailed check,,No
,77.88,2460.47,-1409.35,Male,0,No,No,Yes,None,Two year,Electronic check,No,No
54.0,36.67,2690.5,-277.28,Female,0,No,No,No,DSL,Month-to-month,Mailed check,Yes,No
9.0,10.6,4928.04,360.77,Female,0,Yes,No,Yes,None,Month-to-month,Credit card,Yes,No
,164.91,3173.51,-303.12,Male,1,No,Yes,Yes,None,Two year,Electronic check,No internet service,No
,,-206.79,-577.45,Female,0,No,No,Yes,Fiber optic,Month-to-month,Electronic check,No internet service,No
-24.0,239.93,-1892.72,1590.98,Male,0,Yes,No,Yes,DSL,One year,Electronic check,No internet service,Yes
15.0,,2462.62,342.67,Male,0,Yes,Yes,Yes,None,Two year,Credit card,Yes,No
6.0,119.3,3705.46,-552.79,Male,0,Yes,Yes,No,None,One year,Bank transfer,No,No
-25.0,238.88,1025.02,-2381.05,Male,1,Yes,No,Yes,DSL,One year,Bank transfer,Yes,No
6.0,169.93,2882.72,375.56,Male,0,No,No,No,DSL,Month-to-month,Credit card,No,Yes
-10.0,219.86,2662.23,100.91,Female,0,Yes,No,Yes,DSL,Two year,Credit card,No,Yes
53.0,106.62,3593.14,-140.79,Female,0,No,Yes,Yes,Fiber optic,Month-to-month,Mailed check,No,Yes
32.0,50.15,6214.12,382.62,Male,0,No,Yes,Yes,DSL,Month-to-month,Credit card,Yes,Yes
-10.0,52.85,-621.12,1456.56,Female,0,No,No,Yes,Fiber optic,Month-to-month,Mailed check,No internet service,Yes
5.0,30.09,948.45,-306.43,Female,1,No,Yes,Yes,None,Month-to-month,Mailed check,No,No
4.0,103.06,3364.67,-163.44,Male,0,No,Yes,Yes,None,One year,Credit card,Yes,No
1.0,109.92,2331.74,-5.3,Male,0,No,No,Yes,Fiber optic,One year,Mailed check,No internet service,Yes
39.0,103.96,4385.08,1000.16,Male,0,Yes,Yes,Yes,None,Two year,Bank transfer,No,No
9.0,64.11,2354.6,-933.12,Female,0,Yes,No,Yes,DSL,Two year,Bank transfer,Yes,No
29.0,-27.73,1917.72,-285.55,Female,0,No,Yes,Yes,DSL,Month-to-month,Mailed check,No,No
60.0,185.74,2711.47,1199.41,Male,0,Yes,Yes,Yes,Fiber optic,Two year,Mailed check,No,No
-5.0,83.92,3164.34,-2226.7,Male,0,Yes,No,Yes,Fiber optic,One year,Mailed check,No,No
-23.0,171.68,-1566.5,1828.65,Male,0,No,Yes,Yes,None,Two year,Mailed check,No,Yes
50.0,-39.53,91.81,735.36,Male,0,No,Yes,Yes,DSL,Month-to-month,Electronic check,No internet service,Yes
43.0,-1.55,1981.74,-217.23,Male,0,Yes,Yes,Yes,DSL,Month-to-month,Electronic check,No internet service,No
-5.0,48.21,-189.13,-220.77,Male,1,No,No,Yes,DSL,Month-to-month,,No,No
45.0,57.15,3317.11,1210.98,Male,0,Yes,No,Yes,None,Month-to-month,Bank transfer,Yes,Yes
-18.0,227.27,68.62,1066.2,Female,1,No,Yes,Yes,Fiber optic,One year,Bank transfer,No,Yes
-36.0,211.38,1099.92,656.78,Male,0,Yes,No,Yes,DSL,Two year,Credit card,No,Yes
5.0,141.3,1455.75,657.34,Female,0,No,No,Yes,Fiber optic,One year,Mailed check,No internet service,Yes
-7.0,114.23,2622.36,425.15,Female,1,No,Yes,Yes,DSL,Two year,Bank transfer,No,Yes
5.0,163.1,1961.96,-1164.98,Female,0,No,Yes,Yes,None,Two year,Electronic check,No internet service,No
59.0,119.38,4798.96,336.22,Male,0,No,No,Yes,Fiber optic,Month-to-month,Credit card,,Yes
-12.0,45.08,4730.83,243.54,Male,0,No,No,No,Fiber optic,Month-to-month,Credit card,No,No
-13.0,16.49,-1241.81,82.35,Male,0,Yes,Yes,Yes,Fiber optic,Month-to-month,Electronic check,No internet service,No
0.0,-18.46,6584.84,1301.67,Female,1,No,Yes,Yes,None,Month-to-month,Credit card,No,No
0.0,121.61,-1764.55,1790.46,Female,1,No,No,No,DSL,Month-to-month,Mailed check,No,Yes
13.0,40.04,2150.52,498.93,Male,1,No,No,Yes,None,Month-to-month,Bank transfer,No,Yes
-14.0,1.4,-26.76,821.13,Male,0,No,No,Yes,DSL,One year,Mailed check,No,No
42.0,50.01,2758.98,-673.39,Female,0,Yes,No,Yes,None,Month-to-month,Mailed check,Yes,No
20.0,104.17,6042.52,103.36,Male,0,Yes,No,No,DSL,Month-to-month,Credit card,No internet service,Yes
-14.0,128.0,-2251.85,176.49,Male,0,No,Yes,Yes,Fiber optic,Month-to-month,,No internet service,No
0.0,98.61,2112.13,-2084.87,Female,0,No,No,Yes,None,Two year,Electronic check,No,No
23.0,84.83,3232.23,-67.59,Female,0,Yes,Yes,Yes,DSL,One year,Bank transfer,No,Yes
-29.0,210.66,-3522.66,2634.81,Male,0,No,Yes,Yes,None,Month-to-month,Electronic check,No internet service,Yes
6.0,139.5,-562.95,442.63,Female,0,Yes,Yes,Yes,Fiber optic,One year,Electronic check,No internet service,Yes
19.0,9.42,1273.48,-708.42,Male,0,Yes,No,No,Fiber optic,Month-to-month,Mailed check,Yes,No
44.0,68.73,1892.43,-639.14,Male,0,Yes,Yes,Yes,Fiber optic,Month-to-month,Mailed check,Yes,No
-6.0,-35.1,-476.83,945.65,Female,0,No,Yes,Yes,DSL,Month-to-month,Mailed check,No,No
-19.0,86.12,3313.73,624.52,Female,0,Yes,Yes,Yes,Fiber optic,One year,Credit card,No,Yes
23.0,45.85,741.42,515.6,Female,0,No,No,No,DSL,One year,Electronic check,No internet service,Yes
65.0,,2259.19,390.54,Male,0,Yes,Yes,Yes,DSL,One year,Electronic check,No,Yes
-1.0,135.41,-1278.57,-1493.54,Male,0,No,Yes,Yes,Fiber optic,Month-to-month,Electronic check,No internet service,No
-29.0,148.75,1625.33,968.1,Female,0,Yes,No,Yes,None,Month-to-month,Credit card,No internet service,Yes
-7.0,223.21,272.8,1499.77,Male,1,No,No,Yes,Fiber optic,Month-to-month,Bank transfer,No,Yes
5.0,20.15,-179.53,238.36,Female,1,No,No,Yes,Fiber optic,Month-to-month,Electronic check,No internet service,No
2.0,210.49,1401.86,-1586.18,Male,0,Yes,No,Yes,None,Two year,Mailed check,No,No
22.0,96.52,-725.83,1382.4,Male,0,Yes,Yes,No,None,Month-to-month,Electronic check,No internet service,Yes
-6.0,170.86,251.2,1313.55,Male,1,No,No,Yes,DSL,Two year,Bank transfer,No,Yes
-21.0,216.75,-191.03,1394.98,Male,0,No,No,Yes,DSL,Two year,Bank transfer,No,Yes
-32.0,156.84,-581.87,891.67,Male,0,No,Yes,Yes,DSL,Month-to-month,Mailed check,No internet service,Yes
11.0,83.3,2784.71,123.53,Female,0,Yes,Yes,Yes,DSL,Two year,Mailed check,No internet service,Yes
19.0,93.81,1645.16,-333.69,Female,0,Yes,Yes,Yes,DSL,One year,Electronic check,No internet service,Yes
43.0,79.39,1628.84,896.43,Male,0,No,Yes,Yes,None,Month-to-month,Bank transfer,Yes,Yes
-7.0,131.0,880.95,548.75,Male,0,Yes,Yes,No,DSL,Two year,Mailed check,No internet service,Yes
-72.0,273.47,680.33,1361.18,Female,0,Yes,No,Yes,Fiber optic,Month-to-month,Credit card,No internet service,Yes
9.0,232.48,1120.33,1615.93,Male,0,No,Yes,Yes,Fiber optic,Month-to-month,Credit card,Yes,Yes
-32.0,204.92,-1206.64,1567.95,Female,0,No,Yes,Yes,DSL,One year,Mailed check,No internet service,Yes
27.0,110.27,3663.34,37.56,Female,0,Yes,No,Yes,DSL,One year,Bank transfer,Yes,No
24.0,92.24,3594.45,-666.83,Female,1,No,No,Yes,Fiber optic,Two year,Bank transfer,No,Yes
37.0,220.92,313.35,-413.83,Male,1,Yes,No,Yes,Fiber optic,Two year,Electronic check,No,No
29.0,65.28,972.68,-336.08,Female,0,Yes,No,Yes,DSL,Month-to-month,Electronic check,No internet service,No
13.0,185.53,1442.54,-1587.52,Female,0,No,Yes,Yes,None,Two year,Electronic check,No internet service,No
-34.0,193.19,1990.23,1193.7,Female,1,No,Yes,Yes,None,Month-to-month,Credit card,No internet service,Yes
38.0,67.11,3158.73,-538.86,Male,0,No,Yes,Yes,DSL,One year,Mailed check,No,Yes
12.0,56.19,3813.45,-110.41,Male,1,No,No,Yes,DSL,One year,,No,No
-30.0,248.42,212.0,1196.4,Female,0,No,No,Yes,Fiber optic,Two year,Bank transfer,No,Yes
13.0,66.39,-1180.46,1696.05,Female,0,No,Yes,Yes,DSL,One year,Electronic check,No internet service,Yes
-9.0,160.37,-400.01,1860.52,Female,1,No,Yes,Yes,DSL,One year,Bank transfer,No,Yes
29.0,129.4,3100.78,430.92,Male,1,No,No,Yes,Fiber optic,Two year,Mailed check,No internet service,No
-32.0,260.85,-2044.41,2648.83,Male,1,Yes,Yes,Yes,None,Two year,Bank transfer,Yes,Yes
27.0,-160.19,4235.85,-666.27,Female,1,Yes,No,Yes,None,Two year,Bank transfer,Yes,No
22.0,6.34,4495.12,-1048.25,Male,0,Yes,No,Yes,Fiber optic,Two year,Mailed check,No internet service,No
-4.0,153.81,3088.77,-512.59,Male,0,Yes,No,No,None,One year,Bank transfer,No,No
20.0,-14.12,2513.51,-662.46,Female,0,Yes,Yes,Yes,None,One year,Mailed check,Yes,No
-10.0,89.32,4921.57,623.52,Female,0,No,No,Yes,DSL,Month-to-month,Credit card,Yes,No
53.0,-4.8,4339.13,-1800.63,Male,0,Yes,Yes,Yes,Fiber optic,Month-to-month,Bank transfer,,No
-43.0,203.66,-1803.87,1116.8,Female,1,Yes,No,Yes,None,One year,Mailed check,No,Yes
15.0,200.47,434.25,-1134.46,Male,0,Yes,Yes,Yes,DSL,Two year,Electronic check,Yes,No
-35.0,247.79,473.73,703.02,Male,0,Yes,No,Yes,DSL,One year,,No internet service,Yes
38.0,-3.19,3677.21,-292.87,Female,0,Yes,Yes,Yes,None,Two year,Electronic check,No internet service,No
-19.0,-1.74,392.82,30.68,Male,0,No,Yes,Yes,None,One year,,Yes,No
15.0,75.18,3451.06,651.98,Female,0,Yes,No,Yes,Fiber optic,One year,Credit card,No,No
-4.0,151.3,795.3,537.58,Female,0,No,Yes,Yes,DSL,One year,Electronic check,No internet service,Yes
3.0,114.55,4149.08,720.01,Female,0,Yes,Yes,Yes,Fiber optic,Month-to-month,Credit card,Yes,No
-14.0,155.0,4564.54,1103.51,Male,1,Yes,No,No,DSL,One year,Credit card,No,Yes
-18.0,200.39,1897.72,-1280.22,Male,1,Yes,Yes,Yes,DSL,One year,Bank transfer,No,No
42.0,,719.89,776.22,Male,0,Yes,Yes,Yes,None,Month-to-month,Electronic check,No internet service,Yes
11.0,81.73,448.05,1065.22,Female,0,No,No,Yes,None,One year,Mailed check,No,Yes
14.0,129.64,2572.94,-422.19,Female,0,No,Yes,Yes,DSL,One year,Mailed check,No,No
-38.0,164.13,3549.8,371.91,Female,0,Yes,No,Yes,None,One year,Credit card,No internet service,Yes
12.0,7.22,4440.8,43.46,Male,0,Yes,No,Yes,Fiber optic,One year,Credit card,Yes,No
-31.0,,5727.93,309.2,Female,0,Yes,Yes,Yes,DSL,Month-to-month,Credit card,,No
46.0,84.81,2593.55,526.86,Female,0,Yes,Yes,Yes,None,Month-to-month,Bank transfer,Yes,Yes
-21.0,179.67,1459.37,954.86,Male,0,Yes,Yes,Yes,None,Two year,Credit card,Yes,Yes
28.0,171.91,1775.49,-850.93,Male,0,No,Yes,Yes,Fiber optic,Two year,Electronic check,No,No
-13.0,164.68,522.28,1292.58,Male,1,No,No,Yes,DSL,Two year,Bank transfer,No,Yes
12.0,93.89,2040.75,597.63,Male,0,Yes,Yes,Yes,None,Month-to-month,Bank transfer,Yes,Yes
35.0,36.97,1895.64,-32.87,Female,0,Yes,No,Yes,DSL,Month-to-month,,Yes,No
-1.0,90.53,409.48,-1480.44,Female,0,No,No,Yes,Fiber optic,Month-to-month,Electronic check,No,No
93.0,,1945.22,731.29,Male,0,No,No,Yes,Fiber optic,One year,Electronic check,No,Yes
12.0,85.87,721.31,-1048.49,Male,0,No,No,Yes,Fiber optic,Month-to-month,Mailed check,Yes,No
-22.0,220.73,3545.53,748.82,Female,1,Yes,No,Yes,None,Month-to-month,Credit card,No,Yes
-15.0,205.38,537.06,866.55,Female,0,Yes,Yes,Yes,DSL,Two year,Bank transfer,No,Yes
-3.0,196.4,-296.46,1332.19,Female,0,Yes,No,Yes,DSL,One year,Mailed check,No,Yes
23.0,151.24,1761.18,-1579.82,Female,0,No,Yes,Yes,Fiber optic,Two year,Electronic check,No,No
-12.0,124.54,1010.82,1753.24,Female,1,No,Yes,Yes,DSL,Two year,Credit card,No,Yes
-6.0,190.94,1124.16,-1116.15,Female,1,Yes,No,Yes,Fiber optic,Month-to-month,Bank transfer,Yes,No
-1.0,169.82,1577.9,-1725.24,Female,0,Yes,No,Yes,Fiber optic,One year,Bank transfer,Yes,No
-3.0,5.06,-103.17,-23.01,Male,0,No,No,Yes,Fiber optic,Month-to-month,Mailed check,No,No
0.0,82.33,3961.97,-1603.3,Female,0,No,Yes,Yes,Fiber optic,One year,Bank transfer,,No
38.0,24.62,1826.7,27.24,Female,0,Yes,Yes,No,DSL,Month-to-month,Mailed check,,No
1.0,125.94,230.08,443.04,Female,1,Yes,Yes,Yes,None,Month-to-month,Mailed check,No,Yes
-5.0,70.3,6091.84,497.33,Female,0,No,Yes,Yes,DSL,One year,Credit card,No,Yes
34.0,61.16,-1450.1,1778.29,Male,0,Yes,Yes,Yes,None,Month-to-month,Electronic check,No internet service,Yes
-7.0,190.45,-256.15,1477.05,Male,0,Yes,No,Yes,DSL,One year,Mailed check,No,Yes
35.0,177.47,1450.79,1003.86,Female,0,Yes,Yes,Yes,Fiber optic,Month-to-month,Bank transfer,Yes,Yes
25.0,-86.4,2862.58,-1254.14,Male,0,Yes,No,Yes,DSL,One year,Mailed check,No,No
31.0,123.87,2917.34,-29.63,Female,0,No,Yes,Yes,DSL,Two year,Mailed check,No,No
29.0,22.18,4597.34,1003.17,Female,1,No,Yes,Yes,Fiber optic,One year,Credit card,No,No
8.0,-16.26,188.02,531.13,Male,0,Yes,Yes,Yes,None,Month-to-month,Electronic check,,No
18.0,148.43,1454.69,-75.1,Female,0,Yes,Yes,No,None,Month-to-month,Mailed check,No,Yes
32.0,54.67,3925.69,-927.4,Male,1,No,No,Yes,DSL,Two year,Mailed check,No,Yes
40.0,60.69,1307.43,-37.5,Female,0,No,Yes,Yes,Fiber optic,Month-to-month,Mailed check,No,No
,130.17,3348.89,-645.24,Female,1,No,No,Yes,Fiber optic,Two year,Bank transfer,No,No
37.0,2.4,2842.3,-138.28,Male,0,Yes,Yes,Yes,Fiber optic,One year,Mailed check,Yes,No
47.0,100.11,2554.6,772.55,Female,0,Yes,No,Yes,Fiber optic,Two year,Mailed check,No,No
-42.0,240.69,2971.36,-322.34,Male,0,No,No,Yes,None,Two year,Credit card,No internet service,Yes
38.0,-61.73,3046.61,-1170.45,Female,0,No,No,Yes,None,One year,Electronic check,No,No
10.0,9.85,1720.48,162.35,Male,0,Yes,Yes,Yes,None,Month-to-month,Bank transfer,,No
31.0,,3523.64,424.12,Male,0,No,No,No,DSL,Two year,Mailed check,No internet service,No
2.0,58.81,3113.35,1254.17,Male,0,Yes,No,Yes,None,Month-to-month,Credit card,No,Yes
45.0,48.24,-515.89,1719.35,Female,1,Yes,No,Yes,Fiber optic,Month-to-month,Electronic check,No internet service,Yes
46.0,149.42,1793.4,1007.38,Female,1,No,No,Yes,Fiber optic,Month-to-month,Bank transfer,Yes,Yes
0.0,82.12,1760.54,906.99,Male,0,Yes,No,Yes,Fiber optic,One year,Bank transfer,No,Yes
29.0,96.02,676.02,231.88,Female,0,Yes,No,No,Fiber optic,Month-to-month,Electronic check,No,No
33.0,82.25,1934.37,-1154.6,Female,0,Yes,Yes,No,Fiber optic,Month-to-month,Mailed check,Yes,No
14.0,28.54,4713.43,13.47,Female,0,Yes,No,Yes,None,One year,Credit card,Yes,No
19.0,50.64,3658.05,-32.24,Female,0,Yes,No,Yes,Fiber optic,One year,Bank transfer,No,No
15.0,224.9,1618.1,-821.42,Male,0,No,No,Yes,DSL,Two year,Mailed check,Yes,No
23.0,135.08,4212.26,-206.59,Male,1,No,Yes,Yes,Fiber optic,Two year,Credit card,Yes,Yes
26.0,,2801.97,104.0,Male,0,Yes,No,Yes,Fiber optic,Month-to-month,Bank transfer,No,Yes
4.0,81.5,1896.05,54.4,Female,0,Yes,No,Yes,None,Two year,Mailed check,No internet service,Yes
17.0,116.14,2814.33,-1391.46,Female,0,No,No,No,None,Two year,Electronic check,No internet service,No
-20.0,113.5,3282.22,-1130.93,Male,0,No,No,Yes,DSL,Month-to-month,Credit card,Yes,No
-27.0,39.45,1804.06,1259.73,Female,1,Yes,No,Yes,None,One year,Bank transfer,No internet service,Yes
20.0,39.47,1265.94,256.74,Female,0,No,Yes,Yes,None,Month-to-month,Bank transfer,Yes,No
15.0,214.95,5597.49,711.47,Male,0,No,Yes,Yes,Fiber optic,Month-to-month,Credit card,No,Yes
21.0,81.88,3756.37,-317.15,Male,0,Yes,No,Yes,DSL,Two year,Mailed check,No internet service,Yes
-22.0,153.7,4467.72,492.41,Female,0,Yes,Yes,Yes,Fiber optic,Month-to-month,Credit card,No internet service,Yes
0.0,43.66,5244.3,280.79,Male,1,No,No,Yes,Fiber optic,Month-to-month,Credit card,No,No
-5.0,8.33,55.21,495.29,Male,0,No,Yes,Yes,None,Month-to-month,Bank transfer,Yes,No
9.0,-48.55,3208.58,-325.63,Female,0,No,No,Yes,Fiber optic,One year,Credit card,Yes,No
-6.0,175.86,1481.56,-1265.55,Male,1,Yes,No,Yes,Fiber optic,One year,Mailed check,No,No
36.0,149.58,1902.51,-58.28,Male,0,No,Yes,Yes,DSL,Two year,Mailed check,Yes,No
26.0,24.2,97.37,538.17,Male,0,Yes,Yes,Yes,Fiber optic,Month-to-month,Electronic check,No internet service,Yes
-19.0,265.19,4391.55,1304.94,Male,0,Yes,No,Yes,None,Month-to-month,Credit card,No,Yes
24.0,,853.13,-1169.04,Male,0,No,Yes,Yes,None,Month-to-month,,No,No
50.0,186.97,1786.34,606.31,Male,0,No,No,Yes,DSL,Two year,Electronic check,No internet service,No
-13.0,105.06,-758.05,1320.48,Male,0,No,Yes,Yes,None,Month-to-month,,No internet service,Yes
77.0,-91.25,781.29,327.6,Female,0,Yes,No,Yes,Fiber optic,Month-to-month,Electronic check,No internet service,Yes
33.0,64.85,3421.22,466.86,Male,0,No,No,Yes,None,One year,Bank transfer,No,No
37.0,74.64,1626.26,-420.12,Female,0,No,No,Yes,DSL,Month-to-month,Electronic check,No,No
-47.0,248.17,134.16,1553.64,Female,1,Yes,Yes,Yes,Fiber optic,Two year,Credit card,No,Yes
2.0,130.5,1086.24,379.71,Male,0,Yes,Yes,Yes,DSL,One year,Mailed check,No internet service,Yes
-24.0,192.67,1282.79,-2060.23,Female,0,Yes,No,Yes,Fiber optic,Month-to-month,Mailed check,No,No
-30.0,189.8,2776.98,1132.13,Male,0,No,No,Yes,Fiber optic,Month-to-month,Credit card,No internet service,Yes
-2.0,14.03,-679.18,219.48,Male,0,Yes,Yes,Yes,Fiber optic,Month-to-month,Electronic check,,No
-14.0,-29.82,987.49,-249.57,Female,0,Yes,No,No,DSL,Month-to-month,Bank transfer,Yes,No
-34.0,124.97,3401.88,673.73,Male,0,No,Yes,Yes,DSL,One year,Credit card,No internet service,Yes
22.0,11.69,3402.3,-184.05,Male,1,Yes,No,Yes,DSL,One year,Bank transfer,Yes,Yes
18.0,74.46,66.69,602.8,Female,0,Yes,No,Yes,None,Month-to-month,Electronic check,No internet service,Yes
24.0,-0.57,1956.64,-419.94,Female,0,No,No,Yes,None,Month-to-month,Bank transfer,Yes,No
,143.77,-560.72,-532.39,Female,0,Yes,Yes,Yes,DSL,Month-to-month,Electronic check,No internet service,No
9.0,139.49,543.16,883.47,Male,0,No,No,Yes,DSL,One year,Mailed check,No internet service,Yes
-7.0,156.44,4478.64,-358.84,Male,0,Yes,Yes,Yes,DSL,Two year,Credit card,Yes,Yes
23.0,114.52,-371.15,1286.14,Male,0,No,Yes,Yes,Fiber optic,One year,Electronic check,No internet service,Yes
-7.0,186.17,2376.21,-185.61,Female,0,No,No,Yes,Fiber optic,One year,Credit card,Yes,No
25.0,-19.18,5094.31,565.61,Female,1,No,No,Yes,DSL,Two year,Bank transfer,No internet service,No
-6.0,125.91,2802.73,545.54,Female,0,Yes,Yes,Yes,Fiber optic,Month-to-month,Credit card,No,Yes
19.0,84.79,3118.63,-300.07,Male,0,No,No,Yes,Fiber optic,Two year,Mailed check,No,No
-25.0,213.47,466.18,947.84,Male,0,No,Yes,Yes,None,Two year,Bank transfer,No,Yes
-7.0,53.91,188.98,-1132.26,Male,1,No,Yes,Yes,Fiber optic,Month-to-month,Electronic check,No internet service,No
23.0,103.37,741.92,-401.83,Male,0,No,Yes,Yes,DSL,Month-to-month,Mailed check,No,No
31.0,79.93,3878.29,632.31,Female,0,No,No,Yes,DSL,Two year,Bank transfer,Yes,No
-24.0,52.35,3461.93,-1352.04,Female,0,No,No,Yes,None,One year,Credit card,Yes,No
32.0,153.83,1764.55,-341.23,Female,0,No,Yes,Yes,DSL,Two year,Electronic check,No,No
6.0,-48.1,1495.67,605.06,Male,0,Yes,Yes,Yes,None,One year,Bank transfer,Yes,No
